gpu_id,repeat_index,sequence_index,item_id,method,assigned_method,variant,budget,actual_bops,parameter_count_base,parameter_count_pruned,parameter_reduction,AP@0.3,AP@0.5,AP@0.7,mAP,forward_p50_ms,forward_mean_ms,forward_p90_ms,forward_p99_ms,postprocess_mean_ms,postprocess_p50_ms,postprocess_p90_ms,postprocess_p99_ms,total_mean_ms,total_p50_ms,total_p90_ms,total_p99_ms,speedup_vs_same_gpu_fp32,int8_count,fp16_count,fp32_count,evaluated_frames,skipped_frames,frame_order_hash,engine_sha256,cache_cleanup_passed,engine_build_invoked
0,0,0,ga_fp32_original,fp32,ga,fp32,,1.0,,,0.0,0.8262782977269028,0.7816799721842883,0.6021594796034483,0.7367059165048798,7.184788662319382,8.930912546835005,7.593724566201369,32.38129580702254,5.671071230140793,5.170513177290559,7.242987956851721,18.06174719706175,14.601983776975798,12.395808318008978,15.148751499752205,56.30396026495708,1.0,0,1,69,1789,0,6f09fef12c760797b7975ab048f11d4085c79ba0dbf59c2974a4097b651817b1,c85eb9c4cf7e2ee3713815ef042486587c9a2cae118496e32ea30aa7791686a5,True,False
0,0,1,ga_bops_0.30_prune_quant,ga,ga,prune_quant,0.3,0.3042234480381012,,,,0.8261828653875013,0.7816585377895188,0.6023931251607855,0.7367448427792684,6.659459012250106,8.184264146563034,7.00065428391099,28.80566923256817,5.349371536328239,4.882468841969967,6.855479395017028,16.38781050220119,13.533635682891273,11.56610855832696,14.275960934658846,54.80515860951314,1.078884733595166,0,26,44,1789,0,6f09fef12c760797b7975ab048f11d4085c79ba0dbf59c2974a4097b651817b1,2a18f8e1e1aeb90af046ad7b8a38934bf222ff0d6dec06d3ba1945fb8b0e98fb,True,False
0,0,2,ga_bops_0.30_prune_only,ga,ga,prune_only,0.3,0.3042234480381012,5464791,4316459,0.21013283033148022,0.8263062145216417,0.7817385048981693,0.602482351856907,0.7368423570922392,6.179522257298231,7.990948424487335,6.694503780454397,35.66144950686269,5.488398687522536,4.827721975743771,7.427080906927586,17.578830299898975,13.47934711200987,11.011404528593022,14.571744265655678,56.178727600088465,1.1626770425228092,0,1,69,1789,0,6f09fef12c760797b7975ab048f11d4085c79ba0dbf59c2974a4097b651817b1,da7aa305ac08104fff6d52383e0d979bf1f7f2f0f31504040c802665838d4779,True,False
0,0,3,ga_bops_0.30_quant_only,ga,ga,quant_only,0.3,0.3042234480381012,5464791,5464791,0.0,0.8261615399488119,0.7815949212379251,0.6023586805389601,0.736705047241899,7.391099352389574,9.273535739576667,7.904575020074844,40.010326405351194,5.988948701143206,5.397862987592816,7.851251680403949,17.072724718600494,15.262484440719874,12.87730721135934,16.25086550290386,65.98858427875986,0.9720866030567575,0,26,44,1789,0,6f09fef12c760797b7975ab048f11d4085c79ba0dbf59c2974a4097b651817b1,2748bf5bfb7dc4982c17917905b246cd2dabcecf54ee1ab8bb329a0084fd747e,True,False
0,0,4,ga_bops_0.25_prune_quant,ga,ga,prune_quant,0.25,0.25451675057411194,,,,0.8263004882426767,0.781841349550466,0.6024424460384679,0.7368614279438702,5.0256506850322085,6.609119061588511,5.411711816365521,33.489697743193986,5.311565107836187,4.7193539794534445,6.940879626199603,15.393846826627751,11.920684169424698,9.78107036401828,12.378290435299277,54.905405985180394,1.4296235676939684,1,29,40,1789,0,6f09fef12c760797b7975ab048f11d4085c79ba0dbf59c2974a4097b651817b1,6c950f8ddadf52420fe8581a8fca2afa9cf73b1e793cd0287ceddb310e7f6233,True,False
0,0,5,ga_bops_0.25_prune_only,ga,ga,prune_only,0.25,0.25451675057411194,5464791,4334751,0.2067855842977343,0.8261328684132317,0.7814529457901858,0.6023514232354673,0.7366457458129615,6.222351298977931,8.025347228273569,6.599207532902559,31.563441529854085,5.365062578929543,4.841750022023916,6.992084486410024,16.078128255903696,13.390409807203111,11.056335332492988,13.846790511161089,52.52696945641048,1.1546742247580168,0,1,69,1789,0,6f09fef12c760797b7975ab048f11d4085c79ba0dbf59c2974a4097b651817b1,c9279cf04147c6c6d5d0196e426e098690a550af59b9cec493411f4e6f0a046a,True,False
0,0,6,ga_bops_0.25_quant_only,ga,ga,quant_only,0.25,0.25451675057411194,5464791,5464791,0.0,0.8261414285678179,0.7817672373561586,0.6024518811660367,0.7367868490300044,5.150208404908578,6.765488575294042,5.51617699675262,30.573880619666205,5.384853277735458,4.808861063793302,6.977820536121726,16.824178434908376,12.1503418530295,9.971573172758024,12.825841363519432,50.31933529922189,1.3950481412502995,1,29,40,1789,0,6f09fef12c760797b7975ab048f11d4085c79ba0dbf59c2974a4097b651817b1,7a2a13752e0d2c96f27b18bf1b6f47acc174b6d88c21c73791cf93b2e9827cba,True,False
0,0,7,ga_bops_0.20_prune_quant,ga,ga,prune_quant,0.2,0.2043001502752304,,,,0.8262324625103076,0.7814995485467319,0.6022901988586725,0.736674069971904,4.966333353271087,6.557090881785393,5.301787797361612,33.18373794976605,5.7249737937573935,5.225274944677949,7.395710190758111,16.374765001237385,12.282064675542786,10.209701023995876,12.843117443844676,58.199417081962004,1.4466988321650025,3,29,38,1789,0,6f09fef12c760797b7975ab048f11d4085c79ba0dbf59c2974a4097b651817b1,932907fbb35315efc2c5ff1615465d73aa6d6c1ac74d71fd28034b250563a8d4,True,False
0,0,8,ga_bops_0.20_prune_only,ga,ga,prune_only,0.2,0.2043001502752304,5464791,4298167,0.21348007636522603,0.8262022482243819,0.7815055208609012,0.6022155993004513,0.7366411227952447,6.233890385677417,8.317385105291585,6.745952398826679,34.101881235820926,5.792360195146677,5.064020864665508,8.034483948722482,16.820084284991005,14.109745300438263,11.341304673502844,15.07586472046872,63.160872195522956,1.1525368939477485,0,1,69,1789,0,6f09fef12c760797b7975ab048f11d4085c79ba0dbf59c2974a4097b651817b1,f9919a0d448f23cddffc4dffa911f500402ccfaf5a09e9dad1dac821b2a1fbd2,True,False
0,0,9,ga_bops_0.20_quant_only,ga,ga,quant_only,0.2,0.2043001502752304,5464791,5464791,0.0,0.8263404888532437,0.7817383340000047,0.6023532512966089,0.7368106913832858,5.043871700763702,6.661413085182047,5.521534057334065,27.996765188859918,5.469696816861788,4.832700127735734,7.375015877187254,15.431753778830158,12.131109902043836,9.914281001935404,13.10901095469793,50.17977456871597,1.4244590442757532,3,29,38,1789,0,6f09fef12c760797b7975ab048f11d4085c79ba0dbf59c2974a4097b651817b1,f880f95066d88cedca847e79a5c55cc87a46d9817beaa71f0861c249cef89e41,True,False
0,0,10,ga_bops_0.15_prune_quant,ga,ga,prune_quant,0.15,0.1545257717370987,,,,0.8262815528587287,0.7815671087388625,0.6023625482313604,0.7367370699429839,4.735688368479411,6.2579261508649,5.147195948908726,28.553641463306434,5.630243644706567,5.069840000942349,7.555564073845744,15.039813993498647,11.888169795571466,9.856157858545583,12.840931086490551,46.49242092233259,1.5171582467590357,10,31,29,1789,0,6f09fef12c760797b7975ab048f11d4085c79ba0dbf59c2974a4097b651817b1,ebe44ee96e4652e6b66b13dc89033b05e3ede730446d60485a0623665e02fe62,True,False
0,0,11,ga_bops_0.15_prune_only,ga,ga,prune_only,0.15,0.1545257717370987,5464791,4298167,0.21348007636522603,0.8262748238977772,0.7817103639964783,0.6025659805666325,0.7368503894869627,6.222799342746536,8.076882111739824,6.725220351169506,34.74128736181513,5.482096003905738,4.958247998729348,7.302354043349625,13.598344149067993,13.558978115645562,11.24627034490307,14.090311992913485,55.7864123582708,1.1545910878026568,0,1,69,1789,0,6f09fef12c760797b7975ab048f11d4085c79ba0dbf59c2974a4097b651817b1,f9919a0d448f23cddffc4dffa911f500402ccfaf5a09e9dad1dac821b2a1fbd2,True,False
0,0,12,ga_bops_0.15_quant_only,ga,ga,quant_only,0.15,0.1545257717370987,5464791,5464791,0.0,0.8262121691023651,0.7814950842584014,0.6022028709621268,0.736636708107631,4.757353958363335,6.166638733884374,5.138672500227889,25.113817794856384,5.29149592913429,4.786053905263543,6.839328398928046,14.275466892868263,11.458134663018663,9.590397356078029,12.180267383034032,45.84660557097588,1.5102489167720357,10,31,29,1789,0,6f09fef12c760797b7975ab048f11d4085c79ba0dbf59c2974a4097b651817b1,f1d0bb24a6cd2b807d7fe5c4721fc7dc625db44a86b9a39e9e54be6aa686c43e,True,False
0,0,13,ga_bops_0.10_prune_quant,ga,ga,prune_quant,0.1,0.10495740920305252,,,,0.8260614978989599,0.7814507145305846,0.6021632297639338,0.7365584807311594,3.6214149246613183,4.981231113888139,3.972265993555387,22.480348302040724,5.506803872336541,4.98001417145133,7.1278375107795,16.628361679613565,10.48803498622468,8.641334483399987,11.265900560344257,48.39743609228927,1.9839727873743485,14,47,9,1789,0,6f09fef12c760797b7975ab048f11d4085c79ba0dbf59c2974a4097b651817b1,444f64eb6e10496a62a770fea05a926b2ca0add9aa4bf8ebd8795c3a3772b51b,True,False
0,0,14,ga_bops_0.10_prune_only,ga,ga,prune_only,0.1,0.10495740920305252,5464791,4258667,0.22070816614944655,0.8262402722081059,0.7816461481795266,0.6023761820358653,0.7367542008078326,6.239389612649878,8.07511922378438,6.7082964815199375,33.18226746281879,5.801385901988078,5.213373806327581,7.501976098865271,17.578208604827495,13.876505125772457,11.507249126831692,14.496872729311386,61.54706109624294,1.1515210795223914,0,1,69,1789,0,6f09fef12c760797b7975ab048f11d4085c79ba0dbf59c2974a4097b651817b1,0000c2936eb42dd348e807acf69741a0ba821e8158dc87df0878ee563b409f44,True,False
0,0,15,ga_bops_0.10_quant_only,ga,ga,quant_only,0.1,0.10495740920305252,5464791,5464791,0.0,0.8263139609584763,0.7816913287468895,0.6021024605014752,0.7367025834022803,3.7191070150583982,5.128892314340416,4.128886836891373,26.6009668540099,5.5445115849304925,4.977717995643616,7.152306428179145,16.24528462998568,10.673403899270909,8.747162685419122,11.541346755499642,45.31323879645838,1.931858543792552,14,47,9,1789,0,6f09fef12c760797b7975ab048f11d4085c79ba0dbf59c2974a4097b651817b1,57d2e8e3fd851c2a4b17a590cbb495b00e90cec99c266fc84b58aa560144515a,True,False
0,0,16,ga_bops_0.05_prune_quant,ga,ga,prune_quant,0.05,0.0548066571354866,,,,0.7966387065876467,0.7536541825326285,0.5728222286302814,0.7077050392501856,3.299082008500894,4.660849713730619,3.6679168542226153,27.222212177380953,5.483105564604489,4.9034589901566505,7.097998820245268,14.541422845795644,10.143955278335108,8.224915247410536,11.092505666116875,56.16147536473294,2.1778145083408087,32,37,1,1789,0,6f09fef12c760797b7975ab048f11d4085c79ba0dbf59c2974a4097b651817b1,4cb7794d5dfcb46da51c52d7439e8c2a6fa5bd6e2f206fce4f875fdda0373e89,True,False
0,0,17,ga_bops_0.05_prune_only,ga,ga,prune_only,0.05,0.0548066571354866,5464791,3053007,0.44133142511763035,0.8256230091037736,0.7813325915522245,0.6021459342438569,0.7363671782999516,5.86879098167022,7.89730658195774,6.764301611110568,36.07302855388272,6.024356655799406,5.0258159171789885,8.86943698860705,21.26566506922244,13.921663237757146,10.969855977843206,16.116666638602812,80.09792403937823,1.224236590595809,0,1,69,1789,0,6f09fef12c760797b7975ab048f11d4085c79ba0dbf59c2974a4097b651817b1,fa75ddde006d1314d70311836560da320315abb03c29d01abaaf20afdf13123b,True,False
0,0,18,ga_bops_0.05_quant_only,ga,ga,quant_only,0.05,0.0548066571354866,5464791,5464791,0.0,0.8039495542876872,0.7575398412665306,0.5602725580910822,0.7072539845484332,3.3657103000829616,4.70670809318057,3.6686174261073274,25.956195428336088,5.187348984525466,4.6607730910182,6.7465933971107015,15.510895382612938,9.894057077706035,8.045229983205596,10.671964210147658,48.607329387830426,2.1347020455510637,32,37,1,1789,0,6f09fef12c760797b7975ab048f11d4085c79ba0dbf59c2974a4097b651817b1,5c3e250360740ad3ea1275e5e0752a52fd423c3c4abedd0e2e31bbb3e074645e,True,False
0,1,0,ga_fp32_original,fp32,ga,fp32,,1.0,,,0.0,0.8261893376285537,0.7815956180545575,0.6024389977614132,0.7367413178148414,7.219038981323441,9.01273588693484,7.555658168469867,31.271632437888332,5.559930995511711,5.11341798119247,7.188298320397735,16.264953501522506,14.572666882446551,12.335975266372163,14.966951729729772,68.54560639397573,1.0,0,1,69,1789,0,6f09fef12c760797b7975ab048f11d4085c79ba0dbf59c2974a4097b651817b1,c85eb9c4cf7e2ee3713815ef042486587c9a2cae118496e32ea30aa7791686a5,True,False
0,1,1,ga_bops_0.30_prune_quant,ga,ga,prune_quant,0.3,0.3042234480381012,,,,0.8261977836559509,0.7816455477108171,0.6024635204028532,0.7367689505898737,6.847573754688104,8.66966111432273,7.326864404603839,36.54657015265067,6.07514014306737,5.475096171721816,7.845751615241172,18.185321483761033,14.7448012573901,12.379010596002143,15.667774279912313,57.793196225526444,1.0542477145837266,0,26,44,1789,0,6f09fef12c760797b7975ab048f11d4085c79ba0dbf59c2974a4097b651817b1,2a18f8e1e1aeb90af046ad7b8a38934bf222ff0d6dec06d3ba1945fb8b0e98fb,True,False
0,1,2,ga_bops_0.30_prune_only,ga,ga,prune_only,0.3,0.3042234480381012,5464791,4316459,0.21013283033148022,0.8261641757047146,0.7815049892573755,0.6023201439360031,0.736663102966031,6.176097628970941,8.21460282824134,6.54797637835145,38.96849638780741,5.609574412761487,5.056212889030576,7.25577580742538,14.774280870333307,13.824177241002825,11.258545176436503,14.28742843369643,59.0423810202477,1.1688673682003103,0,1,69,1789,0,6f09fef12c760797b7975ab048f11d4085c79ba0dbf59c2974a4097b651817b1,da7aa305ac08104fff6d52383e0d979bf1f7f2f0f31504040c802665838d4779,True,False
0,1,3,ga_bops_0.30_quant_only,ga,ga,quant_only,0.3,0.3042234480381012,5464791,5464791,0.0,0.8261361660010073,0.7815531876537695,0.6025821861116311,0.7367571799221359,7.377218687906861,9.132288323563666,7.7248023978124065,33.358800532281485,5.695740658739897,5.249165929853916,7.290958845987916,14.544016830623065,14.828028982303563,12.650031674032409,15.355739711473387,61.80580666908439,0.9785583546760356,0,26,44,1789,0,6f09fef12c760797b7975ab048f11d4085c79ba0dbf59c2974a4097b651817b1,2748bf5bfb7dc4982c17917905b246cd2dabcecf54ee1ab8bb329a0084fd747e,True,False
0,1,4,ga_bops_0.25_prune_quant,ga,ga,prune_quant,0.25,0.25451675057411194,,,,0.8262257708648887,0.7816349674130623,0.602227004557401,0.7366959142784507,5.02934493124485,6.649159592379718,5.347113714863857,31.191852403169946,5.493502539039583,5.057834088802338,7.239637477323413,13.416479248553498,12.142662131419302,10.114276393627126,12.728658085688949,57.02719704246904,1.4353835499480452,1,29,40,1789,0,6f09fef12c760797b7975ab048f11d4085c79ba0dbf59c2974a4097b651817b1,6c950f8ddadf52420fe8581a8fca2afa9cf73b1e793cd0287ceddb310e7f6233,True,False
0,1,5,ga_bops_0.25_prune_only,ga,ga,prune_only,0.25,0.25451675057411194,5464791,4334751,0.2067855842977343,0.8261714426088103,0.7815424892686841,0.6025100351628948,0.7367413223467963,6.206765305250883,7.97180117197121,6.60466062836349,31.62480973947435,5.629351266017918,5.095866043120623,7.258347515016794,17.317537153139668,13.601152437989127,11.295538473253448,14.09214388889571,54.903323141223396,1.16309198532385,0,1,69,1789,0,6f09fef12c760797b7975ab048f11d4085c79ba0dbf59c2974a4097b651817b1,c9279cf04147c6c6d5d0196e426e098690a550af59b9cec493411f4e6f0a046a,True,False
0,1,6,ga_bops_0.25_quant_only,ga,ga,quant_only,0.25,0.25451675057411194,5464791,5464791,0.0,0.8260643772009828,0.7815549399571413,0.6020635331349667,0.736560950097697,5.219453635315101,6.949712898535715,5.640763261665901,27.19325179232793,5.8784607409766645,5.2102599292993546,7.985458802431822,17.015114268287945,12.828173639512379,10.491545001665752,13.912643849228822,53.70446722332558,1.3831024252191915,1,29,40,1789,0,6f09fef12c760797b7975ab048f11d4085c79ba0dbf59c2974a4097b651817b1,7a2a13752e0d2c96f27b18bf1b6f47acc174b6d88c21c73791cf93b2e9827cba,True,False
0,1,7,ga_bops_0.20_prune_quant,ga,ga,prune_quant,0.2,0.2043001502752304,,,,0.8262904018796088,0.7815952335038571,0.6020587537000394,0.7366481296945017,4.935810264820854,6.475042777688827,5.303341072673598,27.47267743571218,5.51053921847207,5.008145933970809,7.15629099868238,17.66577130183576,11.985581996160898,9.984493721276522,12.635967414826156,54.81729839927357,1.462584377032462,3,29,38,1789,0,6f09fef12c760797b7975ab048f11d4085c79ba0dbf59c2974a4097b651817b1,932907fbb35315efc2c5ff1615465d73aa6d6c1ac74d71fd28034b250563a8d4,True,False
0,1,8,ga_bops_0.20_prune_only,ga,ga,prune_only,0.2,0.2043001502752304,5464791,4298167,0.21348007636522603,0.8261319177821401,0.7814557518384403,0.6019646111917167,0.7365174269374325,6.276759319007397,8.55660723647766,7.65542561809222,36.78803592918453,6.48842086206524,5.287280073389411,10.026389546692375,23.850401332601898,15.045028098542899,11.6929995516936,17.794202687218785,71.86541631195468,1.1501219999725998,0,1,69,1789,0,6f09fef12c760797b7975ab048f11d4085c79ba0dbf59c2974a4097b651817b1,f9919a0d448f23cddffc4dffa911f500402ccfaf5a09e9dad1dac821b2a1fbd2,True,False
0,1,9,ga_bops_0.20_quant_only,ga,ga,quant_only,0.2,0.2043001502752304,5464791,5464791,0.0,0.8263284192338627,0.7815876510141788,0.6024319309295901,0.7367826670592105,5.081869972248872,6.792814542407711,5.447955258811513,26.92187658820137,5.591723492552301,5.2441980224102736,7.20899454317987,15.222606156021236,12.384538034960011,10.369444576402504,12.83987401984632,61.39526148636108,1.4205477552053167,3,29,38,1789,0,6f09fef12c760797b7975ab048f11d4085c79ba0dbf59c2974a4097b651817b1,f880f95066d88cedca847e79a5c55cc87a46d9817beaa71f0861c249cef89e41,True,False
0,1,10,ga_bops_0.15_prune_quant,ga,ga,prune_quant,0.15,0.1545257717370987,,,,0.8260232487332496,0.7813692249216825,0.6020922831824531,0.7364949189457951,4.6759736724197865,6.208881532557507,5.099016319339475,27.02823820522518,5.487870864618034,5.004699109122157,7.20946341753006,14.258062914013806,11.696752397175542,9.724049906556804,12.378852115944028,55.238510010132146,1.5438579185985095,10,31,29,1789,0,6f09fef12c760797b7975ab048f11d4085c79ba0dbf59c2974a4097b651817b1,ebe44ee96e4652e6b66b13dc89033b05e3ede730446d60485a0623665e02fe62,True,False
0,1,11,ga_bops_0.15_prune_only,ga,ga,prune_only,0.15,0.1545257717370987,5464791,4298167,0.21348007636522603,0.8261301255713639,0.7815650901310887,0.6021454902337413,0.736613568645398,6.205101342250903,8.06785625163018,6.5239263388017825,31.255373759177807,5.586598924964525,5.10657811537385,7.014302024617791,16.362351160496466,13.654455176594706,11.329694573457044,13.869461867337426,57.40304148133622,1.1634038806374645,0,1,69,1789,0,6f09fef12c760797b7975ab048f11d4085c79ba0dbf59c2974a4097b651817b1,f9919a0d448f23cddffc4dffa911f500402ccfaf5a09e9dad1dac821b2a1fbd2,True,False
0,1,12,ga_bops_0.15_quant_only,ga,ga,quant_only,0.15,0.1545257717370987,5464791,5464791,0.0,0.8262742920888727,0.7813534482681865,0.6021944430195237,0.7366073944588609,4.827162949368358,6.509234843350835,5.2739225793629885,36.02013018912184,5.990069816742757,5.342114018276334,7.938385102897883,20.25395299308002,12.49930466009359,10.202378267422318,13.409055381392438,75.37489526904169,1.495503478346026,10,31,29,1789,0,6f09fef12c760797b7975ab048f11d4085c79ba0dbf59c2974a4097b651817b1,f1d0bb24a6cd2b807d7fe5c4721fc7dc625db44a86b9a39e9e54be6aa686c43e,True,False
0,1,13,ga_bops_0.10_prune_quant,ga,ga,prune_quant,0.1,0.10495740920305252,,,,0.8261534203878909,0.7816040747864208,0.6022929344275435,0.7366834765339517,3.6984646382431188,5.245238790918125,4.198711691424251,27.277303400127423,6.312225616415739,5.607241997495294,8.385371463373305,21.06615370139479,11.557464407333864,9.390757807220021,12.759457202628255,62.705116666224804,1.9519015828018569,14,47,9,1789,0,6f09fef12c760797b7975ab048f11d4085c79ba0dbf59c2974a4097b651817b1,444f64eb6e10496a62a770fea05a926b2ca0add9aa4bf8ebd8795c3a3772b51b,True,False
0,1,14,ga_bops_0.10_prune_only,ga,ga,prune_only,0.1,0.10495740920305252,5464791,4258667,0.22070816614944655,0.8261649506608372,0.7815310109020929,0.6026318022804186,0.7367759212811161,6.260438356548548,8.24231792572599,6.764556948716442,37.98322292664001,6.00227265766587,5.413201171904802,7.872967887669802,18.10710733756422,14.244590583391862,11.754020815715194,15.014617719377082,60.19428400942253,1.1531203679646773,0,1,69,1789,0,6f09fef12c760797b7975ab048f11d4085c79ba0dbf59c2974a4097b651817b1,0000c2936eb42dd348e807acf69741a0ba821e8158dc87df0878ee563b409f44,True,False
0,1,15,ga_bops_0.10_quant_only,ga,ga,quant_only,0.1,0.10495740920305252,5464791,5464791,0.0,0.8261910143527794,0.7815859932996752,0.6023292101265018,0.7367020725929855,3.762306567902366,5.222860188531433,4.43436186760664,25.372544936825165,6.294668560104248,5.460446933284402,8.38504144921899,20.363411456346455,11.51752874863568,9.38419330244263,13.166401581838729,62.472385792055135,1.918780102321204,14,47,9,1789,0,6f09fef12c760797b7975ab048f11d4085c79ba0dbf59c2974a4097b651817b1,57d2e8e3fd851c2a4b17a590cbb495b00e90cec99c266fc84b58aa560144515a,True,False
0,1,16,ga_bops_0.05_prune_quant,ga,ga,prune_quant,0.05,0.0548066571354866,,,,0.7964966412316103,0.7536011704418911,0.5723659271063589,0.70748791292662,3.3168920781463385,4.797790002651153,3.7628560637434325,25.523835883154767,5.6721091070282705,5.042086122557521,7.768988003954291,16.094146938994484,10.469899109679423,8.423856304337582,11.743073925996821,46.19419793597498,2.17644674931897,32,37,1,1789,0,6f09fef12c760797b7975ab048f11d4085c79ba0dbf59c2974a4097b651817b1,4cb7794d5dfcb46da51c52d7439e8c2a6fa5bd6e2f206fce4f875fdda0373e89,True,False
0,1,17,ga_bops_0.05_prune_only,ga,ga,prune_only,0.05,0.0548066571354866,5464791,3053007,0.44133142511763035,0.8256196376964146,0.7813292646746689,0.6019811285988605,0.7363100103233147,5.860123395298918,7.664128088324468,6.284671680380901,33.95419638291914,5.457433453896913,4.895929014310241,7.294712867587806,13.111220998689495,13.12156154222138,10.807933518663049,13.749411314104995,59.854992326956946,1.2318919746834454,0,1,69,1789,0,6f09fef12c760797b7975ab048f11d4085c79ba0dbf59c2974a4097b651817b1,fa75ddde006d1314d70311836560da320315abb03c29d01abaaf20afdf13123b,True,False
0,1,18,ga_bops_0.05_quant_only,ga,ga,quant_only,0.05,0.0548066571354866,5464791,5464791,0.0,0.8038403996212798,0.7586216353330073,0.561225341273452,0.707895792075913,3.4932480193674564,5.076627671267079,3.908053133636713,26.837900811794558,5.884464846948935,5.274445051327348,7.718451181426644,19.42478967830536,10.961092518216015,8.847117346401015,11.95965927715103,50.91928816709977,2.0665692619874827,32,37,1,1789,0,6f09fef12c760797b7975ab048f11d4085c79ba0dbf59c2974a4097b651817b1,5c3e250360740ad3ea1275e5e0752a52fd423c3c4abedd0e2e31bbb3e074645e,True,False
0,2,0,ga_fp32_original,fp32,ga,fp32,,1.0,,,0.0,0.8262522761100245,0.7815883297833511,0.602417509477015,0.7367527051234636,7.261401663223903,9.228148616550868,7.612353377044201,33.4682761101509,5.884247917766267,5.4219800513237715,7.66292167827487,14.792537307366729,15.112396534317135,12.700166320428252,15.468914387747645,53.833045943936284,1.0,0,1,69,1789,0,6f09fef12c760797b7975ab048f11d4085c79ba0dbf59c2974a4097b651817b1,c85eb9c4cf7e2ee3713815ef042486587c9a2cae118496e32ea30aa7791686a5,True,False
0,2,1,ga_bops_0.30_prune_quant,ga,ga,prune_quant,0.3,0.3042234480381012,,,,0.8262495220413046,0.7817854751498126,0.6024031231018078,0.7368127067643083,6.737836326162021,8.607518856387808,7.136900567760071,32.87948003347694,5.599797987043358,5.032015033066273,7.4747777543962,15.8943939022719,14.207316843431165,11.770056483025353,14.80123659906288,55.32883947713884,1.0777052620036132,0,26,44,1789,0,6f09fef12c760797b7975ab048f11d4085c79ba0dbf59c2974a4097b651817b1,2a18f8e1e1aeb90af046ad7b8a38934bf222ff0d6dec06d3ba1945fb8b0e98fb,True,False
0,2,2,ga_bops_0.30_prune_only,ga,ga,prune_only,0.3,0.3042234480381012,5464791,4316459,0.21013283033148022,0.8261402646797599,0.7814987250704276,0.6023905912216039,0.736676526990597,6.160597316920757,7.9761634744167225,6.547623484705885,31.94029097443643,5.37651137028737,4.746264079585671,6.953356042504312,18.194874431937905,13.352674844704092,10.918541966627043,13.776942885791264,64.45095479797497,1.1786846777470206,0,1,69,1789,0,6f09fef12c760797b7975ab048f11d4085c79ba0dbf59c2974a4097b651817b1,da7aa305ac08104fff6d52383e0d979bf1f7f2f0f31504040c802665838d4779,True,False
0,2,3,ga_bops_0.30_quant_only,ga,ga,quant_only,0.3,0.3042234480381012,5464791,5464791,0.0,0.8260999765581217,0.7816694465996064,0.6023517675300103,0.7367070635625795,7.408671624337633,9.289023788692369,7.969717836628358,35.16402114181383,6.062295630781418,5.393104860559106,8.10396014712751,20.552098071202614,15.351319419473787,12.862004262084763,16.46112017333508,55.32842192176837,0.9801219478226102,0,26,44,1789,0,6f09fef12c760797b7975ab048f11d4085c79ba0dbf59c2974a4097b651817b1,2748bf5bfb7dc4982c17917905b246cd2dabcecf54ee1ab8bb329a0084fd747e,True,False
0,2,4,ga_bops_0.25_prune_quant,ga,ga,prune_quant,0.25,0.25451675057411194,,,,0.8263039093338418,0.7816223061206568,0.6023187892624642,0.7367483349056543,5.088717599088947,7.104098618935321,6.120115083952745,32.30972182935487,5.957806215982295,4.993121139705181,8.46585142426193,20.62582755461328,13.061904834917616,10.159608830387395,15.021580845738454,61.38656532701175,1.4269610214809207,1,29,40,1789,0,6f09fef12c760797b7975ab048f11d4085c79ba0dbf59c2974a4097b651817b1,6c950f8ddadf52420fe8581a8fca2afa9cf73b1e793cd0287ceddb310e7f6233,True,False
0,2,5,ga_bops_0.25_prune_only,ga,ga,prune_only,0.25,0.25451675057411194,5464791,4334751,0.2067855842977343,0.8261860124552522,0.7815668419702934,0.6023084946868651,0.7366871163708035,6.2463410043468075,8.04499971751663,6.671205520009001,35.8133266276207,5.579461307666234,5.049037979915738,7.385165337473154,17.153163254261,13.624461025182864,11.356552829965949,14.233296659464635,55.473535846283355,1.1625048421420985,0,1,69,1789,0,6f09fef12c760797b7975ab048f11d4085c79ba0dbf59c2974a4097b651817b1,c9279cf04147c6c6d5d0196e426e098690a550af59b9cec493411f4e6f0a046a,True,False
0,2,6,ga_bops_0.25_quant_only,ga,ga,quant_only,0.25,0.25451675057411194,5464791,5464791,0.0,0.826330673573453,0.7817777397794163,0.6024900312666818,0.736866148206517,5.2378263014058275,6.996667949968328,5.610570109759768,32.34854744124834,5.92498599953508,5.40009792894125,7.4938366655260324,20.054186172783346,12.921653949503408,10.678340215235949,13.358671311289074,63.269704192243665,1.3863387682930512,1,29,40,1789,0,6f09fef12c760797b7975ab048f11d4085c79ba0dbf59c2974a4097b651817b1,7a2a13752e0d2c96f27b18bf1b6f47acc174b6d88c21c73791cf93b2e9827cba,True,False
0,2,7,ga_bops_0.20_prune_quant,ga,ga,prune_quant,0.2,0.2043001502752304,,,,0.8263014730534375,0.7815229779017953,0.6023351348767095,0.7367198619439806,4.923536675050855,6.578443443211073,5.287546757608652,28.275461851916063,5.479640881944804,4.9537369050085545,7.209462067112327,13.427360178902743,12.058084325155876,9.87793318927288,12.552897678688167,54.05625582671574,1.474834482298012,3,29,38,1789,0,6f09fef12c760797b7975ab048f11d4085c79ba0dbf59c2974a4097b651817b1,932907fbb35315efc2c5ff1615465d73aa6d6c1ac74d71fd28034b250563a8d4,True,False
0,2,8,ga_bops_0.20_prune_only,ga,ga,prune_only,0.2,0.2043001502752304,5464791,4298167,0.21348007636522603,0.8262312757814765,0.781586921600419,0.6024928034900886,0.7367703336239947,6.165407986069719,8.11312669314283,6.5656581583122415,34.553624764067195,5.545037001310996,5.118986126035452,7.173491176217794,13.3982679247856,13.658163694453826,11.329463295017678,13.779412691170972,47.10814300922881,1.177764988080351,0,1,69,1789,0,6f09fef12c760797b7975ab048f11d4085c79ba0dbf59c2974a4097b651817b1,f9919a0d448f23cddffc4dffa911f500402ccfaf5a09e9dad1dac821b2a1fbd2,True,False
0,2,9,ga_bops_0.20_quant_only,ga,ga,quant_only,0.2,0.2043001502752304,5464791,5464791,0.0,0.8261440762271595,0.7815418151466298,0.602480140365927,0.7367220105799054,5.059269334500034,6.684534158635741,5.461307289078832,26.436293773960134,5.6160210464941,5.154716083779931,7.36424564383924,15.238771913573137,12.300555205129841,10.226389393210411,12.917029360930126,46.586806305361776,1.4352668701994469,3,29,38,1789,0,6f09fef12c760797b7975ab048f11d4085c79ba0dbf59c2974a4097b651817b1,f880f95066d88cedca847e79a5c55cc87a46d9817beaa71f0861c249cef89e41,True,False
0,2,10,ga_bops_0.15_prune_quant,ga,ga,prune_quant,0.15,0.1545257717370987,,,,0.8262177595330926,0.7814656626061967,0.6023159100783655,0.7366664440725517,4.70158807002008,6.434841224747079,5.164295776436726,32.723614796982915,6.030503681914484,5.290802102535963,7.846699934452772,20.81579769961527,12.465344906661564,10.02979907207191,13.386449667935569,59.97308995573681,1.5444572248952662,10,31,29,1789,0,6f09fef12c760797b7975ab048f11d4085c79ba0dbf59c2974a4097b651817b1,ebe44ee96e4652e6b66b13dc89033b05e3ede730446d60485a0623665e02fe62,True,False
0,2,11,ga_bops_0.15_prune_only,ga,ga,prune_only,0.15,0.1545257717370987,5464791,4298167,0.21348007636522603,0.8262531628018086,0.7814188414510307,0.6023122057740952,0.7366614033423114,6.172653986141086,8.09518375290127,6.464003010963401,31.84473759803528,5.578682702472001,5.164527101442218,7.29519301094115,15.159486560150887,13.673866455373272,11.347160519411165,13.820836429173747,52.55304757504224,1.1763824247280483,0,1,69,1789,0,6f09fef12c760797b7975ab048f11d4085c79ba0dbf59c2974a4097b651817b1,f9919a0d448f23cddffc4dffa911f500402ccfaf5a09e9dad1dac821b2a1fbd2,True,False
0,2,12,ga_bops_0.15_quant_only,ga,ga,quant_only,0.15,0.1545257717370987,5464791,5464791,0.0,0.8261827354630693,0.7815588575486845,0.6022508366815656,0.7366641432311064,4.805829996864001,6.503959734114979,5.287497118115425,30.757589892781397,5.949964342730473,5.475299898535013,7.710809772834183,17.962361341342305,12.453924076845452,10.32260696714123,13.213814981281757,50.833550359421565,1.510956831174274,10,31,29,1789,0,6f09fef12c760797b7975ab048f11d4085c79ba0dbf59c2974a4097b651817b1,f1d0bb24a6cd2b807d7fe5c4721fc7dc625db44a86b9a39e9e54be6aa686c43e,True,False
0,2,13,ga_bops_0.10_prune_quant,ga,ga,prune_quant,0.1,0.10495740920305252,,,,0.8261133689918857,0.7816459733657601,0.6022912906751179,0.7366835443442546,3.628506325185299,4.898538876115618,3.9271589989463487,27.120064599430066,5.617287419913383,5.190573865547776,7.1461438201367855,17.511389926075914,10.515826296029001,8.86040188682576,11.173931462690234,41.15431346929734,2.0012095921737387,14,47,9,1789,0,6f09fef12c760797b7975ab048f11d4085c79ba0dbf59c2974a4097b651817b1,444f64eb6e10496a62a770fea05a926b2ca0add9aa4bf8ebd8795c3a3772b51b,True,False
0,2,14,ga_bops_0.10_prune_only,ga,ga,prune_only,0.1,0.10495740920305252,5464791,4258667,0.22070816614944655,0.8262349566643988,0.7816956029602223,0.6022348434080547,0.7367218010108919,6.187312693024675,7.988145174078597,6.580462151517471,31.93966154938785,5.603209746868259,5.126188974827528,7.2743733413517475,15.606610113754835,13.591354920946857,11.32231663602094,14.058612550919253,49.68067194954578,1.1735953916488029,0,1,69,1789,0,6f09fef12c760797b7975ab048f11d4085c79ba0dbf59c2974a4097b651817b1,0000c2936eb42dd348e807acf69741a0ba821e8158dc87df0878ee563b409f44,True,False
0,2,15,ga_bops_0.10_quant_only,ga,ga,quant_only,0.1,0.10495740920305252,5464791,5464791,0.0,0.8262647214657572,0.7816192070732285,0.6024968305872496,0.7367935863754118,3.671253410478433,5.051673221736258,4.002308364336689,23.912928467605063,5.59003640457159,5.110745085403323,7.164266379550099,16.94131914526219,10.641709626307849,8.834799518808722,11.368223481501145,52.96755407625599,1.9779080470170012,14,47,9,1789,0,6f09fef12c760797b7975ab048f11d4085c79ba0dbf59c2974a4097b651817b1,57d2e8e3fd851c2a4b17a590cbb495b00e90cec99c266fc84b58aa560144515a,True,False
0,2,16,ga_bops_0.05_prune_quant,ga,ga,prune_quant,0.05,0.0548066571354866,,,,0.7966930856135583,0.753991208803187,0.5728421675196164,0.7078421539787872,3.3081326788912215,4.821460380944095,3.7171563754479093,23.62052098536254,5.564819502369894,4.9484190531075,7.41542368195951,18.404235066845914,10.386279883313989,8.337718434631824,11.31394891999662,47.65312554934634,2.1950152451738085,32,37,1,1789,0,6f09fef12c760797b7975ab048f11d4085c79ba0dbf59c2974a4097b651817b1,4cb7794d5dfcb46da51c52d7439e8c2a6fa5bd6e2f206fce4f875fdda0373e89,True,False
0,2,17,ga_bops_0.05_prune_only,ga,ga,prune_only,0.05,0.0548066571354866,5464791,3053007,0.44133142511763035,0.825629124818329,0.7813004640288197,0.602241521351029,0.7363903700660592,5.862278941397865,7.7376483022668285,6.226059437418978,35.390840768798036,5.54595687145512,5.123320966959,7.242498267441988,13.615588545799222,13.283605173721948,10.971461422741413,13.715545972809196,51.77125861245926,1.238665327223821,0,1,69,1789,0,6f09fef12c760797b7975ab048f11d4085c79ba0dbf59c2974a4097b651817b1,fa75ddde006d1314d70311836560da320315abb03c29d01abaaf20afdf13123b,True,False
0,2,18,ga_bops_0.05_quant_only,ga,ga,quant_only,0.05,0.0548066571354866,5464791,5464791,0.0,0.8040383340604741,0.757710991831106,0.5601735236604621,0.7073076165173475,3.4219257067888975,4.927858251655581,3.768395399674773,27.028900251403314,5.46665459688047,4.89951204508543,7.229881035163999,17.163614351302332,10.394512848536051,8.382328941176334,11.217164729411403,46.76981568956562,2.122022009074514,32,37,1,1789,0,6f09fef12c760797b7975ab048f11d4085c79ba0dbf59c2974a4097b651817b1,5c3e250360740ad3ea1275e5e0752a52fd423c3c4abedd0e2e31bbb3e074645e,True,False
0,3,0,ga_fp32_original,fp32,ga,fp32,,1.0,,,0.0,0.8262149155554716,0.7815794232374342,0.602186912090607,0.736660416961171,7.192618368814389,8.87453358156913,7.552347332239151,32.05446436689112,5.204550261557719,4.629645962268114,6.960287829861046,13.238183483481324,14.079083843126849,11.839581808696192,14.555190084502101,51.785894247377996,1.0,0,1,69,1789,0,6f09fef12c760797b7975ab048f11d4085c79ba0dbf59c2974a4097b651817b1,c85eb9c4cf7e2ee3713815ef042486587c9a2cae118496e32ea30aa7791686a5,True,False
0,3,1,ga_bops_0.30_prune_quant,ga,ga,prune_quant,0.3,0.3042234480381012,,,,0.8261023832306595,0.781633598854694,0.602130843318486,0.7366222751346131,6.67431050290664,8.037453276027659,6.847874106218417,32.00408705819382,4.953846092819501,4.467661026865244,6.167522957548499,12.85522781312459,12.991299368847159,11.167096983020503,13.058303715661168,53.135623382394016,1.0776571401168746,0,26,44,1789,0,6f09fef12c760797b7975ab048f11d4085c79ba0dbf59c2974a4097b651817b1,2a18f8e1e1aeb90af046ad7b8a38934bf222ff0d6dec06d3ba1945fb8b0e98fb,True,False
0,3,2,ga_bops_0.30_prune_only,ga,ga,prune_only,0.3,0.3042234480381012,5464791,4316459,0.21013283033148022,0.8261788805540273,0.7814730253522179,0.6019724563602515,0.7365414540888322,6.159757729619741,7.8744795745613825,6.353838338206212,29.600328942743733,4.926514176312415,4.493151092901826,6.244411366060376,9.706950746476641,12.800993750873799,10.694003198295832,12.577189939717453,54.110642122090255,1.167678776427853,0,1,69,1789,0,6f09fef12c760797b7975ab048f11d4085c79ba0dbf59c2974a4097b651817b1,da7aa305ac08104fff6d52383e0d979bf1f7f2f0f31504040c802665838d4779,True,False
0,3,3,ga_bops_0.30_quant_only,ga,ga,quant_only,0.3,0.3042234480381012,5464791,5464791,0.0,0.8261061894117102,0.7816299793588778,0.602464907628956,0.7367336921331814,7.212718715891242,8.463686536218418,7.287797549118598,22.729705590741077,4.185300050074283,3.9762919768691063,5.195728270336986,6.194746643304824,12.648986586292702,11.198875804742176,12.464889821906885,29.2591781914101,0.9972132079637922,0,26,44,1789,0,6f09fef12c760797b7975ab048f11d4085c79ba0dbf59c2974a4097b651817b1,2748bf5bfb7dc4982c17917905b246cd2dabcecf54ee1ab8bb329a0084fd747e,True,False
0,3,4,ga_bops_0.25_prune_quant,ga,ga,prune_quant,0.25,0.25451675057411194,,,,0.8260892958390731,0.7816067526201343,0.6025269309409502,0.7367409931333859,5.059091296667854,6.657152540009321,5.31268392999967,23.47617574034571,5.144646471962874,4.902862943708897,6.7283219657838345,8.728456115350125,11.801799011972195,9.939935135965545,12.072520283982158,31.643891753613893,1.4217214015393975,1,29,40,1789,0,6f09fef12c760797b7975ab048f11d4085c79ba0dbf59c2974a4097b651817b1,6c950f8ddadf52420fe8581a8fca2afa9cf73b1e793cd0287ceddb310e7f6233,True,False
0,3,5,ga_bops_0.25_prune_only,ga,ga,prune_only,0.25,0.25451675057411194,5464791,4334751,0.2067855842977343,0.8262485191493033,0.7815365193636308,0.60237445492533,0.736719831146088,6.116646730030577,7.589028212430106,6.275824814413985,28.06914530382525,4.650360003895662,4.3192419689148664,5.80622348934412,7.808107743039717,12.239388216325768,10.457096233343083,12.131672662993271,45.79350861719398,1.1759087431845903,0,1,69,1789,0,6f09fef12c760797b7975ab048f11d4085c79ba0dbf59c2974a4097b651817b1,c9279cf04147c6c6d5d0196e426e098690a550af59b9cec493411f4e6f0a046a,True,False
0,3,6,ga_bops_0.25_quant_only,ga,ga,quant_only,0.25,0.25451675057411194,5464791,5464791,0.0,0.8262232306541568,0.7817693593923788,0.6024687092374712,0.7368204330946689,5.090320250019431,6.390525244975656,5.210034005964795,22.1208061805479,4.602262056721588,4.272527992725372,5.910424515604973,7.86757905036211,10.992787301697243,9.398255652437609,11.104957371329268,33.52519803058326,1.4129991858148676,1,29,40,1789,0,6f09fef12c760797b7975ab048f11d4085c79ba0dbf59c2974a4097b651817b1,7a2a13752e0d2c96f27b18bf1b6f47acc174b6d88c21c73791cf93b2e9827cba,True,False
0,3,7,ga_bops_0.20_prune_quant,ga,ga,prune_quant,0.2,0.2043001502752304,,,,0.8262964943043228,0.7816768322980555,0.6018755573864963,0.7366162946629582,4.850440037747224,6.089288456374489,4.993561593194802,22.020316589611063,4.656747450621027,4.294132813811302,5.908720288425684,8.569088056683526,10.746035906995516,9.164514020085335,10.827055837338168,42.33965496531561,1.4828795558423158,3,29,38,1789,0,6f09fef12c760797b7975ab048f11d4085c79ba0dbf59c2974a4097b651817b1,932907fbb35315efc2c5ff1615465d73aa6d6c1ac74d71fd28034b250563a8d4,True,False
0,3,8,ga_bops_0.20_prune_only,ga,ga,prune_only,0.2,0.2043001502752304,5464791,4298167,0.21348007636522603,0.8262063940092718,0.7816604573217434,0.6021311244112775,0.7366659919140975,6.080853597571452,7.575944864448109,6.182250628868738,24.151221998020436,4.59039312799848,4.370199050754309,5.645283777266741,7.220950033515689,12.16633799244659,10.469185654073954,11.784273696442444,32.01371548695859,1.1828303795518034,0,1,69,1789,0,6f09fef12c760797b7975ab048f11d4085c79ba0dbf59c2974a4097b651817b1,f9919a0d448f23cddffc4dffa911f500402ccfaf5a09e9dad1dac821b2a1fbd2,True,False
0,3,9,ga_bops_0.20_quant_only,ga,ga,quant_only,0.2,0.2043001502752304,5464791,5464791,0.0,0.8262736538100303,0.7815877412185738,0.6021718523863342,0.7366777491383129,5.011579642693202,6.3559968684417685,5.197085719555616,20.72164154920634,4.988908207813426,4.624158143997192,6.536462157964706,9.324367493391033,11.344905076255195,9.672342411552865,11.710479265699783,33.62782348877461,1.435199853463589,3,29,38,1789,0,6f09fef12c760797b7975ab048f11d4085c79ba0dbf59c2974a4097b651817b1,f880f95066d88cedca847e79a5c55cc87a46d9817beaa71f0861c249cef89e41,True,False
0,3,10,ga_bops_0.15_prune_quant,ga,ga,prune_quant,0.15,0.1545257717370987,,,,0.8260912128144182,0.7813194107082851,0.6022580298025562,0.7365562177750865,4.586976642409961,5.852548986194766,4.801150597631931,22.598992551975932,4.834621739555557,4.4283808674663305,6.360156601294875,9.10638660192488,10.687170725750322,9.046254990001518,11.178760199497145,44.456061432128955,1.5680521026231877,10,31,29,1789,0,6f09fef12c760797b7975ab048f11d4085c79ba0dbf59c2974a4097b651817b1,ebe44ee96e4652e6b66b13dc89033b05e3ede730446d60485a0623665e02fe62,True,False
0,3,11,ga_bops_0.15_prune_only,ga,ga,prune_only,0.15,0.1545257717370987,5464791,4298167,0.21348007636522603,0.8261917560407965,0.7816269048300472,0.6024862440103235,0.7367683016270558,6.062201379487912,7.5093827500418096,6.182568008080125,27.021027030407943,4.635500953943495,4.327314905822277,5.805384833365679,7.719544908031817,12.144883703985304,10.425830104698736,11.920747843881447,41.69661018375151,1.1864697192593041,0,1,69,1789,0,6f09fef12c760797b7975ab048f11d4085c79ba0dbf59c2974a4097b651817b1,f9919a0d448f23cddffc4dffa911f500402ccfaf5a09e9dad1dac821b2a1fbd2,True,False
0,3,12,ga_bops_0.15_quant_only,ga,ga,quant_only,0.15,0.1545257717370987,5464791,5464791,0.0,0.8262543459671926,0.7814755374667279,0.6026520807484816,0.7367939880608008,4.66720131225884,5.88349361441688,4.801812302321196,23.19218691437245,4.594013942801224,4.253004910424352,5.9216090478003025,8.130843387916682,10.477507557218104,8.93960994047423,10.804634029045701,35.43289563927957,1.5410988058137338,10,31,29,1789,0,6f09fef12c760797b7975ab048f11d4085c79ba0dbf59c2974a4097b651817b1,f1d0bb24a6cd2b807d7fe5c4721fc7dc625db44a86b9a39e9e54be6aa686c43e,True,False
0,3,13,ga_bops_0.10_prune_quant,ga,ga,prune_quant,0.1,0.10495740920305252,,,,0.8261753505165453,0.7816109740131407,0.6025890607201283,0.7367917950832714,3.4973993121335902,4.544306344159874,3.6284465808421373,15.367861005157414,4.454312287999839,4.182948963716626,5.599199887365103,7.297828188166018,8.998618632159712,7.716379050786296,9.227807571490606,23.017457049951656,2.056561955582512,14,47,9,1789,0,6f09fef12c760797b7975ab048f11d4085c79ba0dbf59c2974a4097b651817b1,444f64eb6e10496a62a770fea05a926b2ca0add9aa4bf8ebd8795c3a3772b51b,True,False
0,3,14,ga_bops_0.10_prune_only,ga,ga,prune_only,0.1,0.10495740920305252,5464791,4258667,0.22070816614944655,0.8262828461969721,0.7815182882102346,0.6023161373683866,0.7367057572585312,6.163571417952578,7.788068390615702,6.520752236247063,26.46139711139978,5.106533147694512,4.612951073795557,6.851543253287673,10.062954453751432,12.894601538310216,10.799530272682507,13.344507369523246,38.05985611861925,1.166956279254673,0,1,69,1789,0,6f09fef12c760797b7975ab048f11d4085c79ba0dbf59c2974a4097b651817b1,0000c2936eb42dd348e807acf69741a0ba821e8158dc87df0878ee563b409f44,True,False
0,3,15,ga_bops_0.10_quant_only,ga,ga,quant_only,0.1,0.10495740920305252,5464791,5464791,0.0,0.8264792195524162,0.7816760651783313,0.6022967669508311,0.7368173505605262,3.524777324249347,4.604114362402906,3.7016439717262988,16.100557316084274,4.497051419655893,4.1827301029115915,5.657759681344032,8.050772277638313,9.1011657820588,7.7270816545933485,9.474068523074191,24.749872206390062,2.040588016534112,14,47,9,1789,0,6f09fef12c760797b7975ab048f11d4085c79ba0dbf59c2974a4097b651817b1,57d2e8e3fd851c2a4b17a590cbb495b00e90cec99c266fc84b58aa560144515a,True,False
0,3,16,ga_bops_0.05_prune_quant,ga,ga,prune_quant,0.05,0.0548066571354866,,,,0.796457426217863,0.7538021086892702,0.572526039097953,0.7075951913350288,3.1678618397563696,4.247761501685806,3.25750542494158,16.472204184769595,4.119140574164051,3.872768022119999,5.054099811241031,6.54908229596912,8.366902075849858,7.056673057377338,8.304915080467861,25.94858176073903,2.270496231416314,32,37,1,1789,0,6f09fef12c760797b7975ab048f11d4085c79ba0dbf59c2974a4097b651817b1,4cb7794d5dfcb46da51c52d7439e8c2a6fa5bd6e2f206fce4f875fdda0373e89,True,False
0,3,17,ga_bops_0.05_prune_only,ga,ga,prune_only,0.05,0.0548066571354866,5464791,3053007,0.44133142511763035,0.8255750970580406,0.7812466100197974,0.602265446724146,0.7363623846006613,5.76242501847446,7.307688498431208,5.871760255346696,24.929003659619177,4.432542872958223,4.182819975540042,5.44791161082685,7.1410165540873916,11.74023137138943,9.966021791721385,11.318030518790085,33.26404158645255,1.2481929648984063,0,1,69,1789,0,6f09fef12c760797b7975ab048f11d4085c79ba0dbf59c2974a4097b651817b1,fa75ddde006d1314d70311836560da320315abb03c29d01abaaf20afdf13123b,True,False
0,3,18,ga_bops_0.05_quant_only,ga,ga,quant_only,0.05,0.0548066571354866,5464791,5464791,0.0,0.8041826911528832,0.7575576841278442,0.5601904296717132,0.7073102683174802,3.327883624782165,4.41573609268105,3.439198061823845,17.614796844611213,4.2539010050328105,4.02851402759552,5.251658894121647,6.739872237667433,8.66963709771386,7.3863885675867405,8.642485598102212,26.36106666176548,2.1613190783632645,32,37,1,1789,0,6f09fef12c760797b7975ab048f11d4085c79ba0dbf59c2974a4097b651817b1,5c3e250360740ad3ea1275e5e0752a52fd423c3c4abedd0e2e31bbb3e074645e,True,False
0,4,0,ga_fp32_original,fp32,ga,fp32,,1.0,,,0.0,0.8262027040158132,0.7816334776140881,0.6022262907678284,0.7366874907992432,6.9902757337937755,8.316767444594298,7.07074406867226,23.885951510926127,4.167585605843947,3.9900019764900208,5.117249907925725,6.20571257546544,12.484353050438246,11.00048772059381,12.21045522640149,30.17650187945403,1.0,0,1,69,1789,0,6f09fef12c760797b7975ab048f11d4085c79ba0dbf59c2974a4097b651817b1,c85eb9c4cf7e2ee3713815ef042486587c9a2cae118496e32ea30aa7791686a5,True,False
0,4,1,ga_bops_0.30_prune_quant,ga,ga,prune_quant,0.3,0.3042234480381012,,,,0.8261778432201942,0.7815782439249956,0.6022614010506792,0.7366724960652897,6.5747172726939125,7.864102700521129,6.713682288924852,23.645081231357477,4.375741287624456,4.041131120175123,5.493553029373288,10.069570401683439,12.239843988145585,10.634938177342217,12.181401206180453,36.59398638952574,1.0632055256316129,0,26,44,1789,0,6f09fef12c760797b7975ab048f11d4085c79ba0dbf59c2974a4097b651817b1,2a18f8e1e1aeb90af046ad7b8a38934bf222ff0d6dec06d3ba1945fb8b0e98fb,True,False
0,4,2,ga_bops_0.30_prune_only,ga,ga,prune_only,0.3,0.3042234480381012,5464791,4316459,0.21013283033148022,0.8262614674161275,0.7815744866130446,0.6022291956311602,0.7366883832201108,6.064433992529909,7.516431928092924,6.15051055016617,24.503464664626733,4.2398541118343696,4.053393844515085,5.09525197558105,6.395400054752819,11.756286039927293,10.132194341470797,11.159191808352867,36.74528681361146,1.152667461201541,0,1,69,1789,0,6f09fef12c760797b7975ab048f11d4085c79ba0dbf59c2974a4097b651817b1,da7aa305ac08104fff6d52383e0d979bf1f7f2f0f31504040c802665838d4779,True,False
0,4,3,ga_bops_0.30_quant_only,ga,ga,quant_only,0.3,0.3042234480381012,5464791,5464791,0.0,0.8261261037958065,0.7815958735896706,0.6023995270863058,0.736707168157261,7.204888698955377,8.52409412764056,7.2790975527217,23.3605340837047,4.1072171283214285,3.9103501476347446,5.021231295540929,5.983676556497811,12.631311255961988,11.12987791808943,12.256433566411335,29.748372143741342,0.9702128687716276,0,26,44,1789,0,6f09fef12c760797b7975ab048f11d4085c79ba0dbf59c2974a4097b651817b1,2748bf5bfb7dc4982c17917905b246cd2dabcecf54ee1ab8bb329a0084fd747e,True,False
0,4,4,ga_bops_0.25_prune_quant,ga,ga,prune_quant,0.25,0.25451675057411194,,,,0.8261252069959152,0.781499647796916,0.6022120451755613,0.7366122999894641,4.898404004052281,6.201240786588823,4.970811493694782,20.57539466456698,4.116234872068495,3.9299060590565205,4.933610046282411,5.915026841685176,10.317475658657319,8.837384559834998,9.841964036847154,30.49618559267327,1.4270516943908589,1,29,40,1789,0,6f09fef12c760797b7975ab048f11d4085c79ba0dbf59c2974a4097b651817b1,6c950f8ddadf52420fe8581a8fca2afa9cf73b1e793cd0287ceddb310e7f6233,True,False
0,4,5,ga_bops_0.25_prune_only,ga,ga,prune_only,0.25,0.25451675057411194,5464791,4334751,0.2067855842977343,0.8262343264877474,0.7816703001786751,0.602357687362364,0.7367541046762621,6.110124057158828,7.632707562509286,6.264655028159419,24.105049300302806,4.487346567431139,4.3382958974689245,5.895885778591037,7.550024390220639,12.120054129940424,10.478427245592076,12.085336539894342,31.51332723285777,1.144048086160171,0,1,69,1789,0,6f09fef12c760797b7975ab048f11d4085c79ba0dbf59c2974a4097b651817b1,c9279cf04147c6c6d5d0196e426e098690a550af59b9cec493411f4e6f0a046a,True,False
0,4,6,ga_bops_0.25_quant_only,ga,ga,quant_only,0.25,0.25451675057411194,5464791,5464791,0.0,0.8262564223650827,0.7817169624466201,0.602064642272888,0.7366793423615303,4.995547778283556,6.2104651660354575,5.077707922707001,20.24437642654936,4.156700991637601,4.048807080835104,4.9607178196311,5.879505760967731,10.367166157673058,9.059455323343474,9.982133253167074,26.599347917350073,1.3993011465492575,1,29,40,1789,0,6f09fef12c760797b7975ab048f11d4085c79ba0dbf59c2974a4097b651817b1,7a2a13752e0d2c96f27b18bf1b6f47acc174b6d88c21c73791cf93b2e9827cba,True,False
0,4,7,ga_bops_0.20_prune_quant,ga,ga,prune_quant,0.2,0.2043001502752304,,,,0.826181071689377,0.7814700997782699,0.6020723835038909,0.736574518323846,4.851806986456116,6.1341282121701095,5.022763647139072,20.6880051425222,4.650635757109243,4.372203024104238,5.873378133401275,9.610637212172133,10.784763969279352,9.24452596033613,10.96534941655894,32.73709696716408,1.4407571763071416,3,29,38,1789,0,6f09fef12c760797b7975ab048f11d4085c79ba0dbf59c2974a4097b651817b1,932907fbb35315efc2c5ff1615465d73aa6d6c1ac74d71fd28034b250563a8d4,True,False
0,4,8,ga_bops_0.20_prune_only,ga,ga,prune_only,0.2,0.2043001502752304,5464791,4298167,0.21348007636522603,0.8262029186105462,0.7815934099009625,0.6023420053099894,0.7367127779404994,5.975767038762569,7.36916630772847,6.061152166997393,23.54211471042003,4.145142356534538,3.985455958172679,5.008877208456397,5.8736705314367965,11.514308664263009,9.96285902025799,11.025875077272454,31.53256578369461,1.1697704559850588,0,1,69,1789,0,6f09fef12c760797b7975ab048f11d4085c79ba0dbf59c2974a4097b651817b1,f9919a0d448f23cddffc4dffa911f500402ccfaf5a09e9dad1dac821b2a1fbd2,True,False
0,4,9,ga_bops_0.20_quant_only,ga,ga,quant_only,0.2,0.2043001502752304,5464791,5464791,0.0,0.8262235825153145,0.7816360653566119,0.6023099320401984,0.7367231933040416,4.916648458068569,6.1919453033446175,5.047348638375601,19.56994186154226,4.285831418634919,4.1155030485242605,5.268149822950363,7.176847169175739,10.477776721979536,9.034625021740794,10.30148851374785,32.516225905456494,1.4217562620980633,3,29,38,1789,0,6f09fef12c760797b7975ab048f11d4085c79ba0dbf59c2974a4097b651817b1,f880f95066d88cedca847e79a5c55cc87a46d9817beaa71f0861c249cef89e41,True,False
0,4,10,ga_bops_0.15_prune_quant,ga,ga,prune_quant,0.15,0.1545257717370987,,,,0.8261926918399917,0.7814427380920774,0.6023799587811346,0.7366717962377346,4.573697689920664,5.817147495137614,4.734661880259712,22.067793641848098,4.667515512331987,4.393636016175151,5.8571443893015385,8.64556670188903,10.484663007469601,8.998865649725001,10.716079268604517,37.115140718707615,1.5283641831419406,10,31,29,1789,0,6f09fef12c760797b7975ab048f11d4085c79ba0dbf59c2974a4097b651817b1,ebe44ee96e4652e6b66b13dc89033b05e3ede730446d60485a0623665e02fe62,True,False
0,4,11,ga_bops_0.15_prune_only,ga,ga,prune_only,0.15,0.1545257717370987,5464791,4298167,0.21348007636522603,0.8262506223393795,0.7816940471882826,0.6026420074377753,0.7368622256551457,6.089633020261924,8.150442998944111,6.820599750305218,36.019062135975034,5.599160447025379,4.815998021513224,7.184317335486416,21.69885394163428,13.74960344596949,10.939808484787743,14.874877423668902,52.32563267771113,1.1478976993416778,0,1,69,1789,0,6f09fef12c760797b7975ab048f11d4085c79ba0dbf59c2974a4097b651817b1,f9919a0d448f23cddffc4dffa911f500402ccfaf5a09e9dad1dac821b2a1fbd2,True,False
0,4,12,ga_bops_0.15_quant_only,ga,ga,quant_only,0.15,0.1545257717370987,5464791,5464791,0.0,0.8262231812221431,0.7814208048346194,0.6023190920011041,0.7366543593526221,4.68432204797864,6.464186564309289,6.402427361657223,29.315956508107607,6.00110361695627,4.837700864300132,9.820245392620567,23.72081920504567,12.465290181265559,9.601056575775146,16.65507551903526,56.34762891877742,1.492270527559093,10,31,29,1789,0,6f09fef12c760797b7975ab048f11d4085c79ba0dbf59c2974a4097b651817b1,f1d0bb24a6cd2b807d7fe5c4721fc7dc625db44a86b9a39e9e54be6aa686c43e,True,False
0,4,13,ga_bops_0.10_prune_quant,ga,ga,prune_quant,0.1,0.10495740920305252,,,,0.8261035048823429,0.7815232486768584,0.6023644901035297,0.7366637478875769,3.647299949079752,5.36742677959142,5.5076238078375646,26.668672344325365,6.532707897131006,4.967795917764306,11.258399672806263,26.580412117764354,11.900134676722427,8.795726423462233,16.604276467114687,54.99960916426402,1.9165617940354722,14,47,9,1789,0,6f09fef12c760797b7975ab048f11d4085c79ba0dbf59c2974a4097b651817b1,444f64eb6e10496a62a770fea05a926b2ca0add9aa4bf8ebd8795c3a3772b51b,True,False
0,4,14,ga_bops_0.10_prune_only,ga,ga,prune_only,0.1,0.10495740920305252,5464791,4258667,0.22070816614944655,0.8261726034200666,0.7815553917022234,0.6024147512397283,0.7367142487873394,6.164538984497388,8.463996519874806,8.657411097859343,36.579400990141664,6.2610489135902725,4.968998022377491,10.452690441161396,24.02719934470943,14.725045433465079,11.30721749116977,18.721019756048918,78.32380639077512,1.133949473167897,0,1,69,1789,0,6f09fef12c760797b7975ab048f11d4085c79ba0dbf59c2974a4097b651817b1,0000c2936eb42dd348e807acf69741a0ba821e8158dc87df0878ee563b409f44,True,False
0,4,15,ga_bops_0.10_quant_only,ga,ga,quant_only,0.1,0.10495740920305252,5464791,5464791,0.0,0.8262146920113662,0.7815401318910754,0.6023231815195489,0.7366926684739968,3.677570649112264,5.348617340782867,5.451815947890282,32.600774643932745,6.423484117819268,4.88076196052134,10.604871017858388,25.336449490860097,11.772101458602135,8.766580140218139,16.713622429718576,59.70274435355546,1.9007862528708106,14,47,9,1789,0,6f09fef12c760797b7975ab048f11d4085c79ba0dbf59c2974a4097b651817b1,57d2e8e3fd851c2a4b17a590cbb495b00e90cec99c266fc84b58aa560144515a,True,False
0,4,16,ga_bops_0.05_prune_quant,ga,ga,prune_quant,0.05,0.0548066571354866,,,,0.7966647396560848,0.7531820913546856,0.5724502631794166,0.7074323647300623,3.275341664751371,4.825149336517432,4.782035915801923,29.984032173320905,5.78337882100378,4.575332161039114,9.443612070754172,24.876647600904082,10.608528157521212,7.980034609014789,14.311986975371841,65.00835322153485,2.134212686579189,32,37,1,1789,0,6f09fef12c760797b7975ab048f11d4085c79ba0dbf59c2974a4097b651817b1,4cb7794d5dfcb46da51c52d7439e8c2a6fa5bd6e2f206fce4f875fdda0373e89,True,False
0,4,17,ga_bops_0.05_prune_only,ga,ga,prune_only,0.05,0.0548066571354866,5464791,3053007,0.44133142511763035,0.8255755004447295,0.7811339066754048,0.6022348800644237,0.7363147623948527,5.764973272259037,7.917409266407846,7.5167006192108,35.479350797816096,5.961482696700581,4.725782899186015,9.358606021851301,23.94938100129364,13.878891963108428,10.620651300996542,17.643569797898337,62.5314980993538,1.212542609248663,0,1,69,1789,0,6f09fef12c760797b7975ab048f11d4085c79ba0dbf59c2974a4097b651817b1,fa75ddde006d1314d70311836560da320315abb03c29d01abaaf20afdf13123b,True,False
0,4,18,ga_bops_0.05_quant_only,ga,ga,quant_only,0.05,0.0548066571354866,5464791,5464791,0.0,0.8041192630240752,0.7581408137096917,0.560288421827244,0.7075161661870036,3.347274304057161,4.714036494302952,3.8832354514549174,26.851499999552786,5.233308330699884,4.354238044470549,7.437212811782956,18.77473712898788,9.947344825002835,7.772122276946902,12.126305637260279,49.50033564740635,2.088348637971202,32,37,1,1789,0,6f09fef12c760797b7975ab048f11d4085c79ba0dbf59c2974a4097b651817b1,5c3e250360740ad3ea1275e5e0752a52fd423c3c4abedd0e2e31bbb3e074645e,True,False
1,0,0,greedy_fp32_original,fp32,greedy,fp32,,1.0,,,0.0,0.8262357167057648,0.7815941167539014,0.6023735679377613,0.7367344671324759,7.179337088018656,8.922735792665408,7.60194379836321,33.58928107965365,5.463873914428901,4.88740298897028,7.114345906302333,16.52767898514866,14.386609707094308,12.082331037769716,15.140764601528646,59.88572476430386,1.0,0,1,69,1789,0,6f09fef12c760797b7975ab048f11d4085c79ba0dbf59c2974a4097b651817b1,c85eb9c4cf7e2ee3713815ef042486587c9a2cae118496e32ea30aa7791686a5,True,False
1,0,1,greedy_bops_0.30_prune_quant,greedy,greedy,prune_quant,0.3,0.3019222021102905,5464791,4316459,0.21013283033148022,0.8260533468283496,0.7814839737117688,0.6024410365515575,0.736659452363892,6.713154958561063,8.258594090258867,7.042135189597806,32.04703072394973,5.253418091561723,4.7902800142765045,6.8369504529982805,14.19249719008799,13.51201218182059,11.473475412155192,14.073060297717651,47.692404501127136,1.069443075921119,0,26,44,1789,0,6f09fef12c760797b7975ab048f11d4085c79ba0dbf59c2974a4097b651817b1,529d8537ed038c526e69cc686574b7cc8c1c2ad43df173b170e29f153f6d5d8b,True,False
1,0,2,greedy_bops_0.30_prune_only,greedy,greedy,prune_only,0.3,0.3019222021102905,5464791,4316459,0.21013283033148022,0.826247511154187,0.7816270449790703,0.6018437431653951,0.7365727664328842,6.261217640712857,8.330087066050712,6.752669019624591,39.11098585151937,6.033601955385215,5.416767904534936,7.798331556841731,18.57106124982237,14.363689021435928,11.738173974057037,14.905255272363625,69.30289889063556,1.1466359261073806,0,1,69,1789,0,6f09fef12c760797b7975ab048f11d4085c79ba0dbf59c2974a4097b651817b1,4f1e6c967a81a2ba8c2004b1c85c381813a4f44b8964b3525bf07114a8633e0a,True,False
1,0,3,greedy_bops_0.30_quant_only,greedy,greedy,quant_only,0.3,0.3019222021102905,5464791,5464791,0.0,0.8262169983553865,0.7815698812201547,0.6023697825422372,0.7367188873725928,7.464655364553134,9.585389171969767,7.910150879373154,35.17468895761617,6.092413140397338,5.48235303722322,8.241432392969728,18.63163028843698,15.677802312367104,13.013421945894759,16.479125727588933,57.30703035368187,0.9617774347775855,0,26,44,1789,0,6f09fef12c760797b7975ab048f11d4085c79ba0dbf59c2974a4097b651817b1,8b75740ffa26236b71c6a185ae18c16af5474a62934c472dfa6c22917dbd6320,True,False
1,0,4,greedy_bops_0.25_prune_quant,greedy,greedy,prune_quant,0.25,0.24907951056957245,,,,0.8261133959667349,0.7815762706491965,0.6021502328587294,0.7366132998248869,6.637187674641609,8.257589939803312,6.965228791038195,33.483783941080745,5.4008482943422775,5.000603152438998,6.948027620092034,14.940967988222827,13.65843823414559,11.651767417788506,14.057860911513368,45.82419903637122,1.0816836045556482,0,31,39,1789,0,6f09fef12c760797b7975ab048f11d4085c79ba0dbf59c2974a4097b651817b1,6ebe0cbf0b46d21012c3866efa25409e576194cb0d65dc379a413f8495177a03,True,False
1,0,5,greedy_bops_0.25_prune_only,greedy,greedy,prune_only,0.25,0.24907951056957245,5464791,4316459,0.21013283033148022,0.8262085803601209,0.7816112187456339,0.6024540498705755,0.7367579496587767,6.176731937254469,8.096190471348246,6.484225237121185,32.46767459435473,5.415407731080643,5.009080050513148,7.019851356744767,13.657129490748044,13.511598202428889,11.187291936948895,13.662907651936015,58.82198591404632,1.1623196798807236,0,1,69,1789,0,6f09fef12c760797b7975ab048f11d4085c79ba0dbf59c2974a4097b651817b1,4f1e6c967a81a2ba8c2004b1c85c381813a4f44b8964b3525bf07114a8633e0a,True,False
1,0,6,greedy_bops_0.25_quant_only,greedy,greedy,quant_only,0.25,0.24907951056957245,5464791,5464791,0.0,0.8261668251461637,0.7816265960146681,0.6022054929470603,0.7366663047026307,6.787355290725827,8.425466896541304,7.159471760193506,35.452582581576124,5.4708306842664225,4.987632855772972,6.9216645788401365,16.55425001867114,13.896297580807726,11.807216564193368,14.497488876804711,49.69281438736884,1.0577517723034815,0,31,39,1789,0,6f09fef12c760797b7975ab048f11d4085c79ba0dbf59c2974a4097b651817b1,282b193524985f1991e24d6d99e56cc1c8ec137a372074fa183694dcfb2bb151,True,False
1,0,7,greedy_bops_0.20_prune_quant,greedy,greedy,prune_quant,0.2,0.19677375257015228,,,,0.8263307969875175,0.7818264606472661,0.6021740084645304,0.7367770886997714,4.894361287976305,6.409386952810416,5.273840855807066,28.717618500800654,5.37982616870825,4.7669000923633575,7.056418107822537,15.495977438986227,11.789213121518666,9.64298580462734,12.545939472814403,49.58075901492325,1.4668588331751722,2,31,37,1789,0,6f09fef12c760797b7975ab048f11d4085c79ba0dbf59c2974a4097b651817b1,7b8ffb5fab14f3eef7d8283d2c757490c09d24d89d8f9ad8be2098ec210eecd3,True,False
1,0,8,greedy_bops_0.20_prune_only,greedy,greedy,prune_only,0.2,0.19677375257015228,5464791,4316459,0.21013283033148022,0.826195794834984,0.7815509823686592,0.60195326252931,0.7365666799109843,6.203903971860806,8.093977165072657,6.611811742186546,34.61602775688776,5.41035381282168,4.84880805015564,7.068869844079018,16.33280251175165,13.504330977894337,11.077452606211107,13.793447070444625,55.349026356498584,1.1572289191744656,0,1,69,1789,0,6f09fef12c760797b7975ab048f11d4085c79ba0dbf59c2974a4097b651817b1,4f1e6c967a81a2ba8c2004b1c85c381813a4f44b8964b3525bf07114a8633e0a,True,False
1,0,9,greedy_bops_0.20_quant_only,greedy,greedy,quant_only,0.2,0.19677375257015228,5464791,5464791,0.0,0.8263638506525092,0.781619077579116,0.6020081064558963,0.7366636782291738,5.042682013784845,6.764223452184425,5.471520544961095,30.720548406228872,5.861898961613895,5.364537937566638,7.629144983366133,18.52346113882958,12.62612241379832,10.461700459321339,13.306263570363324,52.36379657560353,1.4237140213071096,2,31,37,1789,0,6f09fef12c760797b7975ab048f11d4085c79ba0dbf59c2974a4097b651817b1,d13a47f17a2ddb498ba0883ad55e8dcedffec095a365b11ad0126e77961d31c5,True,False
1,0,10,greedy_bops_0.15_prune_quant,greedy,greedy,prune_quant,0.15,0.14941340684890747,,,,0.8262151792709546,0.7818198147911202,0.6026131208598188,0.7368827049739646,4.5363763347268105,6.014585685485029,4.9468363635241985,25.236818085722113,5.479363647673243,5.00121689401567,7.306742761284113,13.446425078436686,11.493949333158273,9.557502577081323,12.289615875730911,47.65894693942298,1.5826149680438737,3,37,30,1789,0,6f09fef12c760797b7975ab048f11d4085c79ba0dbf59c2974a4097b651817b1,a8e2214a79120d255772bf073b811e3a8dfb247998ec4d7e0c440e05eb97dbee,True,False
1,0,11,greedy_bops_0.15_prune_only,greedy,greedy,prune_only,0.15,0.14941340684890747,5464791,4316459,0.21013283033148022,0.8261937311201248,0.7815670811220575,0.6021798770857368,0.7366468964426397,6.220557338868578,8.208948473329981,6.635101869081457,32.91899343019556,5.415116262904854,4.7960791271179914,7.220284920185804,15.341543918475505,13.624064736234835,11.03164969633023,14.095789551114043,57.92350977968271,1.1541308434148225,0,1,69,1789,0,6f09fef12c760797b7975ab048f11d4085c79ba0dbf59c2974a4097b651817b1,4f1e6c967a81a2ba8c2004b1c85c381813a4f44b8964b3525bf07114a8633e0a,True,False
1,0,12,greedy_bops_0.15_quant_only,greedy,greedy,quant_only,0.15,0.14941340684890747,5464791,5464791,0.0,0.8262407769001279,0.7814893420896941,0.6018239983683944,0.7365180391194054,4.663440709312757,6.177897974808836,5.030640338857968,26.474939209085626,5.5862170492614895,5.141793983057141,7.354741171002389,14.222180005162942,11.764115024070325,9.857521081964176,12.513187186171612,53.86356098576366,1.5394935918627048,3,37,30,1789,0,6f09fef12c760797b7975ab048f11d4085c79ba0dbf59c2974a4097b651817b1,a54d51f5cb7b089b49d482ce11e14c32203b2f18a0951eb92a8d0868e07c3b28,True,False
1,0,13,greedy_bops_0.10_prune_quant,greedy,greedy,prune_quant,0.1,0.09847785532474518,,,,0.8261993488006966,0.7815898021651233,0.6025149353199677,0.736768028761929,3.396652638912201,4.736573809968839,3.6676649004220963,22.391186375159933,5.363405643623424,4.830097779631615,6.805105227977038,16.018345719203335,10.099979453592262,8.232246851548553,10.842753232767185,66.78262191824011,2.1136506588197617,13,50,7,1789,0,6f09fef12c760797b7975ab048f11d4085c79ba0dbf59c2974a4097b651817b1,36db4a103cbdd45c8f89e9b3d6c8a3341993b17f951ec0aee8b6fbafd3512341,True,False
1,0,14,greedy_bops_0.10_prune_only,greedy,greedy,prune_only,0.1,0.09847785532474518,5464791,4258667,0.22070816614944655,0.8261772891905774,0.7816416133872267,0.6021310010090295,0.7366499678622779,6.142825974772374,7.945269961739544,6.5552207951744395,30.718592408407037,5.477193280712995,4.855338949710131,7.17257084324956,17.788151456043117,13.422463242452539,11.02414106329282,13.943705583612125,63.29057780714021,1.168735223413958,0,1,69,1789,0,6f09fef12c760797b7975ab048f11d4085c79ba0dbf59c2974a4097b651817b1,850cb6bb2724e760cb7f367a2def984ad723c7868dfc05baa85d7540826b5640,True,False
1,0,15,greedy_bops_0.10_quant_only,greedy,greedy,quant_only,0.1,0.09847785532474518,5464791,5464791,0.0,0.8261689000134266,0.7813560128400558,0.6021383066380458,0.736554406497176,3.5101916485776505,4.999868115293945,3.867101467524966,26.179755466667995,5.486702452251836,4.951184848323464,7.1969075594097385,15.829954072833019,10.486570567545781,8.520358707755804,11.484417614216607,47.00372495997969,2.04528350779017,13,50,7,1789,0,6f09fef12c760797b7975ab048f11d4085c79ba0dbf59c2974a4097b651817b1,6c71b271643d58e121e22531b704a52557485cf4905b96a864c7a08e5d034932,True,False
1,0,16,greedy_bops_0.05_prune_quant,greedy,greedy,prune_quant,0.05,0.04999448359012604,,,,0.7899953739807367,0.7457757531245436,0.5635947752829054,0.6997886341293952,3.354158019647002,4.74551328791412,3.6708504892885685,25.553679335851413,5.3078607829676,4.774469882249832,6.9340597838163385,14.819482471793886,10.05337407088172,8.171544255067905,10.758393087113898,47.65494683756543,2.1404289976696513,33,36,1,1789,0,6f09fef12c760797b7975ab048f11d4085c79ba0dbf59c2974a4097b651817b1,c220cab04bc40edf5df587d4126de4b39f9bfb26d3245c38208ce66b5d38475a,True,False
1,0,17,greedy_bops_0.05_prune_only,greedy,greedy,prune_only,0.05,0.04999448359012604,5464791,3341055,0.3886216325564875,0.8258936949729024,0.781285775885022,0.6019409322981004,0.736373467718675,5.900707949573795,7.868313358550728,6.283827017371853,33.81832771933018,5.598165291242298,5.052607972174883,7.415231689810755,16.85629261657593,13.466478649793025,10.994323374082644,14.080397924408318,67.44017959571194,1.2166908020820137,0,1,69,1789,0,6f09fef12c760797b7975ab048f11d4085c79ba0dbf59c2974a4097b651817b1,af1a471b0e5d4651a57a3fb9c369aaaf8c570035bff8bd3082baa7c46de93bdf,True,False
1,0,18,greedy_bops_0.05_quant_only,greedy,greedy,quant_only,0.05,0.04999448359012604,5464791,5464791,0.0,0.7961762435426697,0.7496154316751675,0.5508673199985238,0.698886331738787,3.474844309190909,4.85330170834479,3.7930358822147054,23.207936712218952,5.32279846447433,4.917909158393741,7.087567634880543,12.89444013498723,10.17610017281912,8.437108636523286,10.995395528152585,48.29859189377842,2.066088851529095,33,36,1,1789,0,6f09fef12c760797b7975ab048f11d4085c79ba0dbf59c2974a4097b651817b1,151149139fa9662ec437717cf4b883976cb1c2b7f993f82d561227df062a6503,True,False
1,1,0,greedy_fp32_original,fp32,greedy,fp32,,1.0,,,0.0,0.8261765620737036,0.7815036033534507,0.6018503690833094,0.7365101781701546,7.1717773874600725,8.841692236055522,7.496544206514955,35.51129207013494,5.185698503925106,4.665242973715067,6.689895223826171,14.042350016534225,14.027390739980628,11.853515403345227,14.381013624370098,50.06001515623009,1.0,0,1,69,1789,0,6f09fef12c760797b7975ab048f11d4085c79ba0dbf59c2974a4097b651817b1,c85eb9c4cf7e2ee3713815ef042486587c9a2cae118496e32ea30aa7791686a5,True,False
1,1,1,greedy_bops_0.30_prune_quant,greedy,greedy,prune_quant,0.3,0.3019222021102905,5464791,4316459,0.21013283033148022,0.826127086342104,0.7816950318905723,0.6023270539656983,0.7367163907327915,6.754374519611399,8.886548920205023,7.211288421725233,38.840538480614924,5.972098840906583,5.408069118857384,7.791943149641156,17.486639190465205,14.858647761111605,12.205736866841715,15.4864553672572,57.72155473628341,1.0617974124231253,0,26,44,1789,0,6f09fef12c760797b7975ab048f11d4085c79ba0dbf59c2974a4097b651817b1,529d8537ed038c526e69cc686574b7cc8c1c2ad43df173b170e29f153f6d5d8b,True,False
1,1,2,greedy_bops_0.30_prune_only,greedy,greedy,prune_only,0.3,0.3019222021102905,5464791,4316459,0.21013283033148022,0.8262548568393328,0.7815225504974349,0.6023763062009125,0.73671790451256,6.176785721133153,8.20759957031912,6.546919886022806,34.69890805890765,5.560798104462001,5.132210906594992,7.24840546026826,16.206306461244765,13.768397674781122,11.315008159726858,14.029205745706957,58.086875745389364,1.1610856699986647,0,1,69,1789,0,6f09fef12c760797b7975ab048f11d4085c79ba0dbf59c2974a4097b651817b1,4f1e6c967a81a2ba8c2004b1c85c381813a4f44b8964b3525bf07114a8633e0a,True,False
1,1,3,greedy_bops_0.30_quant_only,greedy,greedy,quant_only,0.3,0.3019222021102905,5464791,5464791,0.0,0.8261378710868145,0.7816380123932012,0.6022947657781973,0.7366902164194044,7.35254834095637,9.139739536495128,7.710078808789452,33.40613991330916,5.574571451327366,5.102136870846152,7.383102690801026,14.179260581731764,14.714310987822493,12.47553643770516,15.409799556558333,65.43248581077845,0.9754138367932466,0,26,44,1789,0,6f09fef12c760797b7975ab048f11d4085c79ba0dbf59c2974a4097b651817b1,8b75740ffa26236b71c6a185ae18c16af5474a62934c472dfa6c22917dbd6320,True,False
1,1,4,greedy_bops_0.25_prune_quant,greedy,greedy,prune_quant,0.25,0.24907951056957245,,,,0.8261444580424879,0.7815094452346388,0.6020382428869558,0.7365640487213608,6.64524594321847,8.340942483632723,7.030524903287491,31.20907161383329,5.450604128708065,4.894922953099012,7.378160394728184,15.345641644671492,13.791546612340788,11.599067909022171,14.551285980269315,51.925731158492,1.0792343050566748,0,31,39,1789,0,6f09fef12c760797b7975ab048f11d4085c79ba0dbf59c2974a4097b651817b1,6ebe0cbf0b46d21012c3866efa25409e576194cb0d65dc379a413f8495177a03,True,False
1,1,5,greedy_bops_0.25_prune_only,greedy,greedy,prune_only,0.25,0.24907951056957245,5464791,4316459,0.21013283033148022,0.8260830448300025,0.781361282972875,0.6019957989006596,0.7364800422345122,6.194845074787736,8.027016088091989,6.567943173771103,30.786198082674023,5.31058140409316,4.789060913026333,6.865987600758673,14.750082250684475,13.337597492185147,10.995557066053152,13.577944971621037,51.596193481222386,1.1577008465713423,0,1,69,1789,0,6f09fef12c760797b7975ab048f11d4085c79ba0dbf59c2974a4097b651817b1,4f1e6c967a81a2ba8c2004b1c85c381813a4f44b8964b3525bf07114a8633e0a,True,False
1,1,6,greedy_bops_0.25_quant_only,greedy,greedy,quant_only,0.25,0.24907951056957245,5464791,5464791,0.0,0.8262015192691284,0.7816492727608944,0.6024507722576112,0.736767188095878,6.8418860125044985,8.576336936648287,7.2399030439555645,34.502760066326815,5.6031653258008305,5.05720404908061,7.189517654478551,17.135144788771832,14.179502262449118,11.93304903184374,14.933694402376814,63.16769871549259,1.0482164383260189,0,31,39,1789,0,6f09fef12c760797b7975ab048f11d4085c79ba0dbf59c2974a4097b651817b1,282b193524985f1991e24d6d99e56cc1c8ec137a372074fa183694dcfb2bb151,True,False
1,1,7,greedy_bops_0.20_prune_quant,greedy,greedy,prune_quant,0.2,0.19677375257015228,,,,0.8262818464654765,0.7816066703848258,0.6024210553475805,0.7367698573992943,4.874595363313953,6.355320726604086,5.261920051028332,26.994904155519258,5.308196658545521,4.835905972868204,6.958588305860758,13.462523147463765,11.663517385149607,9.784905472770333,12.308360170572998,43.851158500947726,1.4712559408386257,2,31,37,1789,0,6f09fef12c760797b7975ab048f11d4085c79ba0dbf59c2974a4097b651817b1,7b8ffb5fab14f3eef7d8283d2c757490c09d24d89d8f9ad8be2098ec210eecd3,True,False
1,1,8,greedy_bops_0.20_prune_only,greedy,greedy,prune_only,0.2,0.19677375257015228,5464791,4316459,0.21013283033148022,0.8261932492266618,0.7815559148886543,0.6023088395295245,0.7366860012149469,6.234022711093227,8.724235830204195,7.312001753598452,42.238664732605095,6.1735747132945935,5.265592131763697,8.805359713733196,19.28466796874993,14.897810543498789,11.589401867240667,16.76904110548397,61.78956811004056,1.1504252903503454,0,1,69,1789,0,6f09fef12c760797b7975ab048f11d4085c79ba0dbf59c2974a4097b651817b1,4f1e6c967a81a2ba8c2004b1c85c381813a4f44b8964b3525bf07114a8633e0a,True,False
1,1,9,greedy_bops_0.20_quant_only,greedy,greedy,quant_only,0.2,0.19677375257015228,5464791,5464791,0.0,0.8263134885765099,0.7816852740855638,0.6020065192861795,0.7366684273160845,5.04638960895439,6.735281692809131,5.466146736095348,28.028831363952317,5.728596077905005,5.21666300483048,7.568227127194405,16.250666845589848,12.463877770714136,10.276795597746968,13.078428416823348,47.8341155685366,1.4211699736251762,2,31,37,1789,0,6f09fef12c760797b7975ab048f11d4085c79ba0dbf59c2974a4097b651817b1,d13a47f17a2ddb498ba0883ad55e8dcedffec095a365b11ad0126e77961d31c5,True,False
1,1,10,greedy_bops_0.15_prune_quant,greedy,greedy,prune_quant,0.15,0.14941340684890747,,,,0.8261554294927341,0.7817587809000832,0.6023529887792036,0.7367557330573403,4.493758625661333,6.109221517648919,4.909008229151368,32.7011291713638,5.591388235296565,4.970898851752281,7.373483385890723,17.80564557760953,11.700609752945484,9.51528347407778,12.475584819912912,53.85987589445152,1.5959418350834593,3,37,30,1789,0,6f09fef12c760797b7975ab048f11d4085c79ba0dbf59c2974a4097b651817b1,a8e2214a79120d255772bf073b811e3a8dfb247998ec4d7e0c440e05eb97dbee,True,False
1,1,11,greedy_bops_0.15_prune_only,greedy,greedy,prune_only,0.15,0.14941340684890747,5464791,4316459,0.21013283033148022,0.8261824494222548,0.7815043540896445,0.6021607334552895,0.7366158456557296,6.192808039486408,7.995177360915463,6.584006066744527,37.0901318142652,5.47888623527108,4.843279020860791,7.022885140031576,17.76856032200151,13.474063596186543,11.06560983074208,13.880046115567287,64.7093546390403,1.1580816556449978,0,1,69,1789,0,6f09fef12c760797b7975ab048f11d4085c79ba0dbf59c2974a4097b651817b1,4f1e6c967a81a2ba8c2004b1c85c381813a4f44b8964b3525bf07114a8633e0a,True,False
1,1,12,greedy_bops_0.15_quant_only,greedy,greedy,quant_only,0.15,0.14941340684890747,5464791,5464791,0.0,0.8262845346885355,0.781614184897015,0.6022469654306302,0.7367152283387268,4.61744765440623,6.307236262784033,5.157278028006355,28.885953566046226,5.633411388386139,4.915911005809903,7.592963194474578,18.006489593535548,11.940647651170172,9.577178939556081,12.934809643775225,50.086289529366965,1.5531908370669576,3,37,30,1789,0,6f09fef12c760797b7975ab048f11d4085c79ba0dbf59c2974a4097b651817b1,a54d51f5cb7b089b49d482ce11e14c32203b2f18a0951eb92a8d0868e07c3b28,True,False
1,1,13,greedy_bops_0.10_prune_quant,greedy,greedy,prune_quant,0.1,0.09847785532474518,,,,0.8261892162320005,0.7816710627803772,0.6024488441443243,0.7367697077189007,3.5623630974441767,5.21070538108635,4.16551404632628,25.784814627830322,6.439938982105317,5.551883950829506,8.81347507238388,22.771501997485693,11.650644363191667,9.229177997137109,13.195000837246576,59.124986877036875,2.0132078598628746,13,50,7,1789,0,6f09fef12c760797b7975ab048f11d4085c79ba0dbf59c2974a4097b651817b1,36db4a103cbdd45c8f89e9b3d6c8a3341993b17f951ec0aee8b6fbafd3512341,True,False
1,1,14,greedy_bops_0.10_prune_only,greedy,greedy,prune_only,0.1,0.09847785532474518,5464791,4258667,0.22070816614944655,0.8261775069928455,0.7815430940469309,0.6021465122752628,0.736622371105013,6.2004136852920055,8.241380842382448,6.714818067848682,36.58936800744084,6.0673069713565395,5.332935135811567,8.225166099146008,18.35548604838547,14.308687813738988,11.57207026456793,15.297909220680596,67.14801164342734,1.1566611118984267,0,1,69,1789,0,6f09fef12c760797b7975ab048f11d4085c79ba0dbf59c2974a4097b651817b1,850cb6bb2724e760cb7f367a2def984ad723c7868dfc05baa85d7540826b5640,True,False
1,1,15,greedy_bops_0.10_quant_only,greedy,greedy,quant_only,0.1,0.09847785532474518,5464791,5464791,0.0,0.8262539088115197,0.7815916209547925,0.6022159813185003,0.7366871703616042,3.569973943134149,5.038671698433387,4.035931918770075,25.068107284594415,5.560487767113003,4.964502993971109,7.513762591406703,14.826128305867302,10.59915946554639,8.609846467152238,11.794848134741187,46.425420455625584,2.0089158917400476,13,50,7,1789,0,6f09fef12c760797b7975ab048f11d4085c79ba0dbf59c2974a4097b651817b1,6c71b271643d58e121e22531b704a52557485cf4905b96a864c7a08e5d034932,True,False
1,1,16,greedy_bops_0.05_prune_quant,greedy,greedy,prune_quant,0.05,0.04999448359012604,,,,0.7901985214618329,0.7455243911301581,0.5632570551315663,0.6996599892411858,3.3492963605870805,4.739839321999106,3.6894129278759165,24.092329634963534,5.457353104289065,4.974686075001955,7.155975420027972,15.606844965368497,10.197192426288172,8.377275352055827,11.075344200556478,42.6082559302359,2.1412788285486237,33,36,1,1789,0,6f09fef12c760797b7975ab048f11d4085c79ba0dbf59c2974a4097b651817b1,c220cab04bc40edf5df587d4126de4b39f9bfb26d3245c38208ce66b5d38475a,True,False
1,1,17,greedy_bops_0.05_prune_only,greedy,greedy,prune_only,0.05,0.04999448359012604,5464791,3341055,0.3886216325564875,0.8257562602966084,0.7812476483777356,0.6016901177422537,0.7362313421388659,5.882343277335167,7.6942737082386286,6.2749957510580625,34.454222240779515,5.480902675797465,4.871145123615861,7.190771121531726,15.957129737362186,13.175176384036092,10.765793500468135,13.53786749144395,50.33865941997391,1.2192041588414486,0,1,69,1789,0,6f09fef12c760797b7975ab048f11d4085c79ba0dbf59c2974a4097b651817b1,af1a471b0e5d4651a57a3fb9c369aaaf8c570035bff8bd3082baa7c46de93bdf,True,False
1,1,18,greedy_bops_0.05_quant_only,greedy,greedy,quant_only,0.05,0.04999448359012604,5464791,5464791,0.0,0.7963804794234454,0.7497398684210071,0.5509349629068836,0.699018436917112,3.542491157228748,5.3346709231824345,4.058171079183618,27.171105683458887,6.047107913370503,5.345906130969524,8.213232643902302,21.317319553345367,11.381778836552938,8.951652950296799,12.343772128224375,49.68491620693639,2.024501140341724,33,36,1,1789,0,6f09fef12c760797b7975ab048f11d4085c79ba0dbf59c2974a4097b651817b1,151149139fa9662ec437717cf4b883976cb1c2b7f993f82d561227df062a6503,True,False
1,2,0,greedy_fp32_original,fp32,greedy,fp32,,1.0,,,0.0,0.8261445905450339,0.7815494534748426,0.6021592128160447,0.7366177522786405,7.21876237851878,9.128414712726892,7.609731688474615,38.639542385919384,5.698659876725897,5.265237996354699,7.394241401925684,14.413753300905226,14.82707458945279,12.502365357552964,15.286880343531571,53.810687052691875,1.0,0,1,69,1789,0,6f09fef12c760797b7975ab048f11d4085c79ba0dbf59c2974a4097b651817b1,c85eb9c4cf7e2ee3713815ef042486587c9a2cae118496e32ea30aa7791686a5,True,False
1,2,1,greedy_bops_0.30_prune_quant,greedy,greedy,prune_quant,0.3,0.3019222021102905,5464791,4316459,0.21013283033148022,0.8262157577435822,0.7815257840474917,0.6021145889259389,0.7366187102390044,6.714000056187312,8.42958187189169,7.093486453716954,32.585376339639126,5.64951262300935,5.151498131453991,7.448274223133922,15.26184231042858,14.07909449490104,11.883277601252,14.94493734401961,55.48453941319112,1.0751805656996238,0,26,44,1789,0,6f09fef12c760797b7975ab048f11d4085c79ba0dbf59c2974a4097b651817b1,529d8537ed038c526e69cc686574b7cc8c1c2ad43df173b170e29f153f6d5d8b,True,False
1,2,2,greedy_bops_0.30_prune_only,greedy,greedy,prune_only,0.3,0.3019222021102905,5464791,4316459,0.21013283033148022,0.8261892194180673,0.7815676368759185,0.6020224910774595,0.7365931157904817,6.206205968434612,8.142077277957815,6.564759385461609,36.87142186175432,5.586877824840656,5.191127071157098,7.1833542082458735,13.812630083411925,13.728955102798471,11.433333158493042,13.978351466357708,56.03142672837596,1.1631522407142352,0,1,69,1789,0,6f09fef12c760797b7975ab048f11d4085c79ba0dbf59c2974a4097b651817b1,4f1e6c967a81a2ba8c2004b1c85c381813a4f44b8964b3525bf07114a8633e0a,True,False
1,2,3,greedy_bops_0.30_quant_only,greedy,greedy,quant_only,0.3,0.3019222021102905,5464791,5464791,0.0,0.8261911368677317,0.7816157951638827,0.6023432954500854,0.7367167424939,7.440663253267606,9.308582368057456,7.935528162245949,37.360230013712055,6.273179293035953,5.576404044404626,8.284472674131395,19.086976395919848,15.58176166109341,13.094786166523892,16.479085804894567,73.60893261928142,0.9701772722140897,0,26,44,1789,0,6f09fef12c760797b7975ab048f11d4085c79ba0dbf59c2974a4097b651817b1,8b75740ffa26236b71c6a185ae18c16af5474a62934c472dfa6c22917dbd6320,True,False
1,2,4,greedy_bops_0.25_prune_quant,greedy,greedy,prune_quant,0.25,0.24907951056957245,,,,0.8260206411797304,0.7815372044851862,0.6020866799583845,0.736548175207767,6.720852650081118,8.567778572446395,7.296469388529659,32.52358864681048,5.986547130490604,5.167485913261771,8.19701747968793,19.769796412438115,14.554325702936998,11.920136942838628,16.31126144590477,58.57346794256462,1.0740843095900419,0,31,39,1789,0,6f09fef12c760797b7975ab048f11d4085c79ba0dbf59c2974a4097b651817b1,6ebe0cbf0b46d21012c3866efa25409e576194cb0d65dc379a413f8495177a03,True,False
1,2,5,greedy_bops_0.25_prune_only,greedy,greedy,prune_only,0.25,0.24907951056957245,5464791,4316459,0.21013283033148022,0.8263460147880779,0.7817141087208754,0.6025614276089596,0.7368738503726376,6.245817678670089,8.051764950246794,6.659803492948413,32.35876899210934,5.559024597919516,5.004935897886753,7.339903712272644,15.849694991484247,13.61078954816631,11.274757018933695,14.199928722033897,55.09565054437576,1.1557753924152103,0,1,69,1789,0,6f09fef12c760797b7975ab048f11d4085c79ba0dbf59c2974a4097b651817b1,4f1e6c967a81a2ba8c2004b1c85c381813a4f44b8964b3525bf07114a8633e0a,True,False
1,2,6,greedy_bops_0.25_quant_only,greedy,greedy,quant_only,0.25,0.24907951056957245,5464791,5464791,0.0,0.8261304184859677,0.7816943580562611,0.602164143439923,0.736662973327384,6.896710644165675,8.718774877301204,7.362966906900207,30.760554062809305,5.960585192874565,5.317644914612174,7.8818019945174465,18.7003895640373,14.679360070175768,12.268715460474294,15.4216381876419,71.72004987795162,1.0466964254366025,0,31,39,1789,0,6f09fef12c760797b7975ab048f11d4085c79ba0dbf59c2974a4097b651817b1,282b193524985f1991e24d6d99e56cc1c8ec137a372074fa183694dcfb2bb151,True,False
1,2,7,greedy_bops_0.20_prune_quant,greedy,greedy,prune_quant,0.2,0.19677375257015228,,,,0.8261687690334171,0.7815812927856837,0.6023957609470597,0.7367152742553867,4.877178619305293,6.55827404338938,5.171153151119749,28.960155118243822,5.523963529166811,5.001310026273131,7.337042037397623,16.305611347779617,12.08223757255619,9.890007165571053,12.650980086376268,52.97532219749134,1.4801103141773024,2,31,37,1789,0,6f09fef12c760797b7975ab048f11d4085c79ba0dbf59c2974a4097b651817b1,7b8ffb5fab14f3eef7d8283d2c757490c09d24d89d8f9ad8be2098ec210eecd3,True,False
1,2,8,greedy_bops_0.20_prune_only,greedy,greedy,prune_only,0.2,0.19677375257015228,5464791,4316459,0.21013283033148022,0.8261877282692518,0.781559442293723,0.602428058645589,0.7367250764028546,6.167292672519882,8.154116313304465,6.478228823592265,32.21644326421891,5.519265972068476,5.047326907515526,7.24039520137012,14.900446217507106,13.673382285372941,11.233578979348142,13.78919890460869,59.622845764568154,1.1704912936407281,0,1,69,1789,0,6f09fef12c760797b7975ab048f11d4085c79ba0dbf59c2974a4097b651817b1,4f1e6c967a81a2ba8c2004b1c85c381813a4f44b8964b3525bf07114a8633e0a,True,False
1,2,9,greedy_bops_0.20_quant_only,greedy,greedy,quant_only,0.2,0.19677375257015228,5464791,5464791,0.0,0.8262654786546357,0.7815884077706134,0.6021267440798338,0.736660210168361,5.002006655558944,6.746109870333764,5.410302570089698,26.371380882323717,5.6455866254079,5.059133050963283,7.67623377032578,16.25430803745982,12.391696495741664,10.097309714183211,13.16361779657503,50.647042986614906,1.4431732853646368,2,31,37,1789,0,6f09fef12c760797b7975ab048f11d4085c79ba0dbf59c2974a4097b651817b1,d13a47f17a2ddb498ba0883ad55e8dcedffec095a365b11ad0126e77961d31c5,True,False
1,2,10,greedy_bops_0.15_prune_quant,greedy,greedy,prune_quant,0.15,0.14941340684890747,,,,0.8262265513413916,0.7817648480373881,0.6026858128556456,0.7368924040781417,4.510098059351246,6.118726973615008,4.91721429862082,27.0286829148601,5.552382167541178,4.796719877049327,7.378400769084693,19.292771182954255,11.671109141156185,9.321733998755615,12.699263046185177,49.75374396268465,1.6005776999795789,3,37,30,1789,0,6f09fef12c760797b7975ab048f11d4085c79ba0dbf59c2974a4097b651817b1,a8e2214a79120d255772bf073b811e3a8dfb247998ec4d7e0c440e05eb97dbee,True,False
1,2,11,greedy_bops_0.15_prune_only,greedy,greedy,prune_only,0.15,0.14941340684890747,5464791,4316459,0.21013283033148022,0.8262590776538631,0.7815989607417375,0.6022245138657429,0.7366941840871145,6.140645671014984,8.145945324458895,6.462178161988656,35.34834503504838,5.445692981705236,4.914755001664162,7.174083357676865,14.937850991263971,13.59163830616413,11.032972251996398,13.851409296815596,58.94962217967658,1.17557057763367,0,1,69,1789,0,6f09fef12c760797b7975ab048f11d4085c79ba0dbf59c2974a4097b651817b1,4f1e6c967a81a2ba8c2004b1c85c381813a4f44b8964b3525bf07114a8633e0a,True,False
1,2,12,greedy_bops_0.15_quant_only,greedy,greedy,quant_only,0.15,0.14941340684890747,5464791,5464791,0.0,0.8262597154551535,0.7815963005030199,0.6024275024698654,0.7367611728093463,4.723822697997093,6.489376057437735,5.141095568736394,29.378367566178746,5.965880905952182,5.44997095130384,7.826693868264556,17.821501744911046,12.455256963389916,10.259204388906557,13.099086191505194,63.77643529945525,1.528161160997754,3,37,30,1789,0,6f09fef12c760797b7975ab048f11d4085c79ba0dbf59c2974a4097b651817b1,a54d51f5cb7b089b49d482ce11e14c32203b2f18a0951eb92a8d0868e07c3b28,True,False
1,2,13,greedy_bops_0.10_prune_quant,greedy,greedy,prune_quant,0.1,0.09847785532474518,,,,0.8260854772409126,0.7816074221036231,0.6025919244504485,0.7367616079316615,3.455865429714322,4.71774243245754,3.773323741431038,24.878493513280937,5.297279865946881,4.711235873401165,6.913747917860747,16.090251049026765,10.015022298404421,8.217897809421023,10.799465964858731,53.1700028851557,2.0888435980319744,13,50,7,1789,0,6f09fef12c760797b7975ab048f11d4085c79ba0dbf59c2974a4097b651817b1,36db4a103cbdd45c8f89e9b3d6c8a3341993b17f951ec0aee8b6fbafd3512341,True,False
1,2,14,greedy_bops_0.10_prune_only,greedy,greedy,prune_only,0.1,0.09847785532474518,5464791,4258667,0.22070816614944655,0.8261288316013929,0.7813435052526596,0.6019761385028589,0.7364828251189706,6.1440506639579935,8.072375768857386,6.486950380106767,33.72662993766911,5.670924602277356,5.134462844580412,7.398180523887277,17.032061908394063,13.743300371134742,11.295090662315488,13.954940950497985,55.63340035265446,1.1749190840604915,0,1,69,1789,0,6f09fef12c760797b7975ab048f11d4085c79ba0dbf59c2974a4097b651817b1,850cb6bb2724e760cb7f367a2def984ad723c7868dfc05baa85d7540826b5640,True,False
1,2,15,greedy_bops_0.10_quant_only,greedy,greedy,quant_only,0.1,0.09847785532474518,5464791,5464791,0.0,0.8263190330445938,0.7814948719965124,0.6020217777780332,0.7366118942730465,3.528132957095901,4.840387141842895,3.8591763625542326,22.71462809914202,5.335669903123159,4.7937368508428335,6.894567143172027,15.647420696914194,10.176057044966054,8.37661356975635,10.852401812250417,51.82140886161889,2.0460573527990658,13,50,7,1789,0,6f09fef12c760797b7975ab048f11d4085c79ba0dbf59c2974a4097b651817b1,6c71b271643d58e121e22531b704a52557485cf4905b96a864c7a08e5d034932,True,False
1,2,16,greedy_bops_0.05_prune_quant,greedy,greedy,prune_quant,0.05,0.04999448359012604,,,,0.7895147659264532,0.7457643943066997,0.5627469904260282,0.6993420502197271,3.396347009887298,4.996926692457259,3.9306354864190025,25.137090847504062,5.867122111179855,5.173517158254981,7.87630630657077,18.40061056427657,10.864048803637115,8.68683548954626,12.04422760444383,61.888007959341934,2.1254490066838967,33,36,1,1789,0,6f09fef12c760797b7975ab048f11d4085c79ba0dbf59c2974a4097b651817b1,c220cab04bc40edf5df587d4126de4b39f9bfb26d3245c38208ce66b5d38475a,True,False
1,2,17,greedy_bops_0.05_prune_only,greedy,greedy,prune_only,0.05,0.04999448359012604,5464791,3341055,0.3886216325564875,0.8258043921048001,0.7812791176623898,0.6019897569550572,0.7363577555740823,5.861584019536774,7.811371973273748,6.181798952942094,32.21240762929958,5.367744085157697,4.975574091076851,7.11068450473249,12.715592291206105,13.179116058431445,10.816545691341162,13.442967444037397,54.97659698748171,1.2315378154537244,0,1,69,1789,0,6f09fef12c760797b7975ab048f11d4085c79ba0dbf59c2974a4097b651817b1,af1a471b0e5d4651a57a3fb9c369aaaf8c570035bff8bd3082baa7c46de93bdf,True,False
1,2,18,greedy_bops_0.05_quant_only,greedy,greedy,quant_only,0.05,0.04999448359012604,5464791,5464791,0.0,0.796239522653229,0.7496547420798736,0.551012580308218,0.6989689483471069,3.458125671992699,4.985389346065972,3.779755889748534,23.388076610852153,5.705746336615722,5.146994022652507,7.455820310860872,17.023109951987816,10.691135682681693,8.658290607854724,11.467769959320625,52.797434686985675,2.0874783230070015,33,36,1,1789,0,6f09fef12c760797b7975ab048f11d4085c79ba0dbf59c2974a4097b651817b1,151149139fa9662ec437717cf4b883976cb1c2b7f993f82d561227df062a6503,True,False
1,3,0,greedy_fp32_original,fp32,greedy,fp32,,1.0,,,0.0,0.8262507654750187,0.7816016582078457,0.6022181865428597,0.7366902034085747,7.090780651196837,8.852997129789628,7.3421209429701175,33.20939351492464,5.130300490558356,4.6308208256959915,6.669327709823847,13.155521256849108,13.983297620347985,11.706355726346374,14.154688656950988,49.79634094360941,1.0,0,1,69,1789,0,6f09fef12c760797b7975ab048f11d4085c79ba0dbf59c2974a4097b651817b1,c85eb9c4cf7e2ee3713815ef042486587c9a2cae118496e32ea30aa7791686a5,True,False
1,3,1,greedy_bops_0.30_prune_quant,greedy,greedy,prune_quant,0.3,0.3019222021102905,5464791,4316459,0.21013283033148022,0.8260637858913816,0.7815502863976601,0.6022163278505708,0.7366101333798708,6.682366598397493,8.118028552081412,6.881134600068132,31.84584322384109,4.812866291098917,4.369748989120126,6.101851677522064,9.778088396415106,12.93089484318033,11.06636746165653,13.105132120350998,45.1117751933508,1.0611181752430772,0,26,44,1789,0,6f09fef12c760797b7975ab048f11d4085c79ba0dbf59c2974a4097b651817b1,529d8537ed038c526e69cc686574b7cc8c1c2ad43df173b170e29f153f6d5d8b,True,False
1,3,2,greedy_bops_0.30_prune_only,greedy,greedy,prune_only,0.3,0.3019222021102905,5464791,4316459,0.21013283033148022,0.8261729225347716,0.7816255174327206,0.6023014599468071,0.7366999666380997,6.180481364329656,7.8850027876284,6.379467543835442,29.65693488404903,4.8501679310424155,4.447313956916332,6.203648773953319,8.902731463312994,12.735170718670815,10.641178349032998,12.593831572060783,47.77363553020778,1.1472861470177598,0,1,69,1789,0,6f09fef12c760797b7975ab048f11d4085c79ba0dbf59c2974a4097b651817b1,4f1e6c967a81a2ba8c2004b1c85c381813a4f44b8964b3525bf07114a8633e0a,True,False
1,3,3,greedy_bops_0.30_quant_only,greedy,greedy,quant_only,0.3,0.3019222021102905,5464791,5464791,0.0,0.8260674744198649,0.7815664656410642,0.60217399371887,0.7366026445932664,7.229538323978583,8.53139094123209,7.331858932351073,26.412324582523148,4.499238807590373,4.23549092374742,5.650669615715742,7.106403838843107,13.030629748822463,11.485761885220807,12.980418776472412,34.30187458481545,0.9808068417976953,0,26,44,1789,0,6f09fef12c760797b7975ab048f11d4085c79ba0dbf59c2974a4097b651817b1,8b75740ffa26236b71c6a185ae18c16af5474a62934c472dfa6c22917dbd6320,True,False
1,3,4,greedy_bops_0.25_prune_quant,greedy,greedy,prune_quant,0.25,0.24907951056957245,,,,0.8261728068648108,0.7816498794746295,0.6022446696020586,0.7366891186471664,6.665545050054789,8.199937175178475,7.0376412477344275,27.049460991583132,5.1205422644138485,4.616654012352228,6.883245753124357,9.206061903387301,13.320479439592324,11.326584033668041,13.906933305164179,32.75941184099729,1.063796073381659,0,31,39,1789,0,6f09fef12c760797b7975ab048f11d4085c79ba0dbf59c2974a4097b651817b1,6ebe0cbf0b46d21012c3866efa25409e576194cb0d65dc379a413f8495177a03,True,False
1,3,5,greedy_bops_0.25_prune_only,greedy,greedy,prune_only,0.25,0.24907951056957245,5464791,4316459,0.21013283033148022,0.8262366924879339,0.7816364460528346,0.6023110704456712,0.7367280696621465,6.095388050501545,7.6464497475069795,6.177484492460886,25.19239493954478,4.3776150028361345,4.1420189663767815,5.326051963493228,6.551763862371444,12.024064750343115,10.258959140628576,11.47276049790283,34.011669155814914,1.1633025809756918,0,1,69,1789,0,6f09fef12c760797b7975ab048f11d4085c79ba0dbf59c2974a4097b651817b1,4f1e6c967a81a2ba8c2004b1c85c381813a4f44b8964b3525bf07114a8633e0a,True,False
1,3,6,greedy_bops_0.25_quant_only,greedy,greedy,quant_only,0.25,0.24907951056957245,5464791,5464791,0.0,0.8261227945364538,0.7814740895896624,0.6022521921104991,0.7366163587455384,6.702216962973277,7.9608710755328405,6.786151618386309,22.25708012778185,4.313738754278392,4.10669413395226,5.2768058609217405,6.634995937347404,12.274609829811231,10.826712629447382,12.044068286195397,29.70277678841027,1.0579753968530412,0,31,39,1789,0,6f09fef12c760797b7975ab048f11d4085c79ba0dbf59c2974a4097b651817b1,282b193524985f1991e24d6d99e56cc1c8ec137a372074fa183694dcfb2bb151,True,False
1,3,7,greedy_bops_0.20_prune_quant,greedy,greedy,prune_quant,0.2,0.19677375257015228,,,,0.8261705561375063,0.7815671295928147,0.6023343038146912,0.7366906631816708,4.817136408140262,6.0905508565759305,4.93321418762207,20.212173496049125,4.4433396524875155,4.242300987243652,5.405606003478169,6.9868991710245565,10.533890509063447,9.075164794921875,10.301072911048928,40.503184751906524,1.471990836550621,2,31,37,1789,0,6f09fef12c760797b7975ab048f11d4085c79ba0dbf59c2974a4097b651817b1,7b8ffb5fab14f3eef7d8283d2c757490c09d24d89d8f9ad8be2098ec210eecd3,True,False
1,3,8,greedy_bops_0.20_prune_only,greedy,greedy,prune_only,0.2,0.19677375257015228,5464791,4316459,0.21013283033148022,0.8261832381974903,0.7814954893204195,0.6022237965934485,0.7366341747037861,6.073077286904057,7.707892308882412,6.218564184382558,25.652259377125745,4.634596605495227,4.362680017948151,6.063349358737469,8.01263427361846,12.34248891437764,10.453531363358099,12.19432985720535,34.31534479681105,1.1675762247398613,0,1,69,1789,0,6f09fef12c760797b7975ab048f11d4085c79ba0dbf59c2974a4097b651817b1,4f1e6c967a81a2ba8c2004b1c85c381813a4f44b8964b3525bf07114a8633e0a,True,False
1,3,9,greedy_bops_0.20_quant_only,greedy,greedy,quant_only,0.2,0.19677375257015228,5464791,5464791,0.0,0.8261381411633107,0.7816004485541046,0.6020591547394146,0.7365992481522766,4.937469027936459,6.258242283688342,5.0740455122043695,20.292790674901983,4.738608879376101,4.501735093072057,6.126681249588728,8.056790810078377,10.996851163064443,9.47140296921134,11.211605494221052,29.23171134353938,1.4361164821646129,2,31,37,1789,0,6f09fef12c760797b7975ab048f11d4085c79ba0dbf59c2974a4097b651817b1,d13a47f17a2ddb498ba0883ad55e8dcedffec095a365b11ad0126e77961d31c5,True,False
1,3,10,greedy_bops_0.15_prune_quant,greedy,greedy,prune_quant,0.15,0.14941340684890747,,,,0.8262089903394497,0.7818236774988699,0.6023704227274405,0.7368010301885867,4.447785594190161,5.758615058164982,4.615974659100175,24.501854752488825,4.960728464091104,4.532654071226716,6.664677197113633,9.425050169229502,10.719343522256086,9.020163056751091,11.243635462597013,45.272430585066445,1.5942271723841728,3,37,30,1789,0,6f09fef12c760797b7975ab048f11d4085c79ba0dbf59c2974a4097b651817b1,a8e2214a79120d255772bf073b811e3a8dfb247998ec4d7e0c440e05eb97dbee,True,False
1,3,11,greedy_bops_0.15_prune_only,greedy,greedy,prune_only,0.15,0.14941340684890747,5464791,4316459,0.21013283033148022,0.8260562169902951,0.7814800305032691,0.6023666871337738,0.736634311542446,6.083940621465445,7.654411103180779,6.181534705683589,25.721517611898626,4.439165419937971,4.1839859914034605,5.420139757916331,6.768953567370765,12.093576523118749,10.292346045995753,11.56513251674672,33.46975428981899,1.1654914293836212,0,1,69,1789,0,6f09fef12c760797b7975ab048f11d4085c79ba0dbf59c2974a4097b651817b1,4f1e6c967a81a2ba8c2004b1c85c381813a4f44b8964b3525bf07114a8633e0a,True,False
1,3,12,greedy_bops_0.15_quant_only,greedy,greedy,quant_only,0.15,0.14941340684890747,5464791,5464791,0.0,0.826222557006838,0.7814797127367279,0.6025315581134515,0.7367446092856724,4.544376318032543,5.783142406711723,4.650758656983575,19.282202369831182,4.361196217278634,4.134615184739232,5.389244249090552,7.055599829182029,10.144338623990357,8.683821264033515,10.020989660794536,27.15718870981294,1.5603418720100062,3,37,30,1789,0,6f09fef12c760797b7975ab048f11d4085c79ba0dbf59c2974a4097b651817b1,a54d51f5cb7b089b49d482ce11e14c32203b2f18a0951eb92a8d0868e07c3b28,True,False
1,3,13,greedy_bops_0.10_prune_quant,greedy,greedy,prune_quant,0.1,0.09847785532474518,,,,0.8262501168512881,0.7818073596093267,0.602625510539206,0.7368943289999402,3.3871236567695937,4.482743781124532,3.5028202924877405,15.930756879959759,4.354189377009469,4.124650033190846,5.377395311370492,6.489804629236458,8.836933158134002,7.543597370386124,8.843360903362433,24.785792290533482,2.0934519579835884,13,50,7,1789,0,6f09fef12c760797b7975ab048f11d4085c79ba0dbf59c2974a4097b651817b1,36db4a103cbdd45c8f89e9b3d6c8a3341993b17f951ec0aee8b6fbafd3512341,True,False
1,3,14,greedy_bops_0.10_prune_only,greedy,greedy,prune_only,0.1,0.09847785532474518,5464791,4258667,0.22070816614944655,0.8262926090467391,0.781664009796775,0.6024425960464457,0.7367997382966532,6.050662603229284,7.773371441852012,6.273047036180893,26.90469318067892,4.757080335027391,4.492457956075668,6.242547929286957,7.963872216641901,12.530451776879403,10.559506171072524,12.433330124864977,33.30052112538012,1.1719015116480689,0,1,69,1789,0,6f09fef12c760797b7975ab048f11d4085c79ba0dbf59c2974a4097b651817b1,850cb6bb2724e760cb7f367a2def984ad723c7868dfc05baa85d7540826b5640,True,False
1,3,15,greedy_bops_0.10_quant_only,greedy,greedy,quant_only,0.1,0.09847785532474518,5464791,5464791,0.0,0.8262627686462166,0.7815071046588719,0.6024519365319648,0.7367406032790177,3.391504598160585,4.44181522215488,3.5187752451747656,15.24789143042229,4.282575669266854,4.156758077442646,5.307383649051189,7.070987420156596,8.724390891421734,7.559486121560136,8.802381639058392,23.920392955954156,2.090747762819661,13,50,7,1789,0,6f09fef12c760797b7975ab048f11d4085c79ba0dbf59c2974a4097b651817b1,6c71b271643d58e121e22531b704a52557485cf4905b96a864c7a08e5d034932,True,False
1,3,16,greedy_bops_0.05_prune_quant,greedy,greedy,prune_quant,0.05,0.04999448359012604,,,,0.7896113385353287,0.7458974069964741,0.5631254309654267,0.6995447254990764,3.252198453992605,4.361726711423471,3.390815279756983,16.572306357934103,4.428188902049499,4.097762983292341,5.849633924663067,7.697103740647435,8.789915613472969,7.394698914140463,9.215303137898445,23.853312730778754,2.180303801107754,33,36,1,1789,0,6f09fef12c760797b7975ab048f11d4085c79ba0dbf59c2974a4097b651817b1,c220cab04bc40edf5df587d4126de4b39f9bfb26d3245c38208ce66b5d38475a,True,False
1,3,17,greedy_bops_0.05_prune_only,greedy,greedy,prune_only,0.05,0.04999448359012604,5464791,3341055,0.3886216325564875,0.8258239432681223,0.7812338579830251,0.6020162443764359,0.7363580152091944,5.796668663000067,7.333056377444797,5.89557932689786,25.027462976657418,4.527066640614164,4.3306241277605295,5.486394139006734,7.001655576750631,11.860123018058962,10.14314351292948,11.329998091484109,32.687106734746244,1.223250984907425,0,1,69,1789,0,6f09fef12c760797b7975ab048f11d4085c79ba0dbf59c2974a4097b651817b1,af1a471b0e5d4651a57a3fb9c369aaaf8c570035bff8bd3082baa7c46de93bdf,True,False
1,3,18,greedy_bops_0.05_quant_only,greedy,greedy,quant_only,0.05,0.04999448359012604,5464791,5464791,0.0,0.7960104715725691,0.7494029036580254,0.5505954915477892,0.6986696222594612,3.36949162495633,4.5007316796749395,3.498026030138135,16.837092951550115,4.489308952594924,4.290394950658083,5.564378155395389,7.294339779764406,8.990040632269864,7.686437806114554,9.014460366840165,25.41247333709364,2.104406670335243,33,36,1,1789,0,6f09fef12c760797b7975ab048f11d4085c79ba0dbf59c2974a4097b651817b1,151149139fa9662ec437717cf4b883976cb1c2b7f993f82d561227df062a6503,True,False
1,4,0,greedy_fp32_original,fp32,greedy,fp32,,1.0,,,0.0,0.826178590775119,0.781613503606537,0.6021703663892382,0.7366541535902981,7.0662602471808595,8.532149163007983,7.144575876494248,25.66593159609412,4.181519670796135,3.9762670639902353,5.082109849900008,6.14654659293592,12.713668833804117,11.054114283372957,12.234953216587506,32.58678555176573,1.0,0,1,69,1789,0,6f09fef12c760797b7975ab048f11d4085c79ba0dbf59c2974a4097b651817b1,c85eb9c4cf7e2ee3713815ef042486587c9a2cae118496e32ea30aa7791686a5,True,False
1,4,1,greedy_bops_0.30_prune_quant,greedy,greedy,prune_quant,0.3,0.3019222021102905,5464791,4316459,0.21013283033148022,0.8262109386384633,0.7816644690254658,0.6024865747489718,0.736787327470967,6.591534319644173,8.126608160962455,6.715870912497243,26.535730635112472,4.480389851473934,4.03082394041121,5.523874517530204,10.73382437229156,12.60699801243639,10.63735402810077,12.320059910416605,38.32609374695714,1.072020550074647,0,26,44,1789,0,6f09fef12c760797b7975ab048f11d4085c79ba0dbf59c2974a4097b651817b1,529d8537ed038c526e69cc686574b7cc8c1c2ad43df173b170e29f153f6d5d8b,True,False
1,4,2,greedy_bops_0.30_prune_only,greedy,greedy,prune_only,0.3,0.3019222021102905,5464791,4316459,0.21013283033148022,0.8262087842535059,0.7817055793774389,0.6024004766140316,0.7367716134149921,6.0217666905373335,7.51936301449843,6.124899381150802,24.723850125431,4.4696517166347896,4.157101968303323,5.710041476413608,7.236947873607276,11.989014731133219,10.210106692587335,11.779982612157863,34.43048631770883,1.17345300977616,0,1,69,1789,0,6f09fef12c760797b7975ab048f11d4085c79ba0dbf59c2974a4097b651817b1,4f1e6c967a81a2ba8c2004b1c85c381813a4f44b8964b3525bf07114a8633e0a,True,False
1,4,3,greedy_bops_0.30_quant_only,greedy,greedy,quant_only,0.3,0.3019222021102905,5464791,5464791,0.0,0.8260268281394747,0.7815515758157996,0.602315990954395,0.7366314649698897,7.170018274337053,8.403787798011713,7.245257993539173,22.345170990239957,4.112943942107306,3.9472701027989388,5.062805349007249,6.198369348421693,12.516731740119019,11.133262732376654,12.280121461177867,30.01452543150574,0.9855289033882152,0,26,44,1789,0,6f09fef12c760797b7975ab048f11d4085c79ba0dbf59c2974a4097b651817b1,8b75740ffa26236b71c6a185ae18c16af5474a62934c472dfa6c22917dbd6320,True,False
1,4,4,greedy_bops_0.25_prune_quant,greedy,greedy,prune_quant,0.25,0.24907951056957245,,,,0.8261553556551576,0.7815805978492334,0.6025074476783824,0.7367478003942578,6.557577755302191,7.75302393543783,6.642646326993902,21.119920136394157,4.2806833402278155,4.074574215337634,5.340044433251023,6.631373511627316,12.033707275665645,10.650594097872574,11.966184837122759,29.087824135385567,1.0775717057212733,0,31,39,1789,0,6f09fef12c760797b7975ab048f11d4085c79ba0dbf59c2974a4097b651817b1,6ebe0cbf0b46d21012c3866efa25409e576194cb0d65dc379a413f8495177a03,True,False
1,4,5,greedy_bops_0.25_prune_only,greedy,greedy,prune_only,0.25,0.24907951056957245,5464791,4316459,0.21013283033148022,0.8261266360536392,0.7813996670248731,0.6022577136695323,0.7365946722493483,6.049642339348793,7.537294994477125,6.199126581971845,24.210703422610052,4.558833514831131,4.339888924732804,5.923518678173423,7.882156167179343,12.096128509308256,10.430526143560808,12.105327441046636,32.51110715790062,1.1680459522738496,0,1,69,1789,0,6f09fef12c760797b7975ab048f11d4085c79ba0dbf59c2974a4097b651817b1,4f1e6c967a81a2ba8c2004b1c85c381813a4f44b8964b3525bf07114a8633e0a,True,False
1,4,6,greedy_bops_0.25_quant_only,greedy,greedy,quant_only,0.25,0.24907951056957245,5464791,5464791,0.0,0.8260836389424169,0.7816093537316086,0.602416401572165,0.7367031314153968,6.725839261586468,8.009515394496075,6.805262171352903,22.912747031063653,4.233360048976938,4.002128029242158,5.1282058004289865,6.561074471101162,12.242875443473014,10.741101810708642,11.92373746695618,30.1876042721036,1.050613904429541,0,31,39,1789,0,6f09fef12c760797b7975ab048f11d4085c79ba0dbf59c2974a4097b651817b1,282b193524985f1991e24d6d99e56cc1c8ec137a372074fa183694dcfb2bb151,True,False
1,4,7,greedy_bops_0.20_prune_quant,greedy,greedy,prune_quant,0.2,0.19677375257015228,,,,0.8260421466068175,0.781459339914663,0.6019432223685032,0.7364815696299946,4.823959742983182,6.160548275854777,4.998972996448477,20.4499197720112,4.474475667845768,4.069953924044967,5.72978644631803,9.961114535108205,10.635023943700544,8.921426022425294,10.745873069390655,33.00354746169179,1.4648257082699072,2,31,37,1789,0,6f09fef12c760797b7975ab048f11d4085c79ba0dbf59c2974a4097b651817b1,7b8ffb5fab14f3eef7d8283d2c757490c09d24d89d8f9ad8be2098ec210eecd3,True,False
1,4,8,greedy_bops_0.20_prune_only,greedy,greedy,prune_only,0.2,0.19677375257015228,5464791,4316459,0.21013283033148022,0.8261453431408664,0.7815587069587446,0.6022577056178047,0.7366539185724719,6.074079312384129,7.615261319832113,6.152350548654795,24.937407501646053,4.206538630640077,3.990578930824995,5.164563469588757,6.076234765350819,11.82179995047219,10.078891568506759,11.263457142437499,32.02092960164801,1.163346720345555,0,1,69,1789,0,6f09fef12c760797b7975ab048f11d4085c79ba0dbf59c2974a4097b651817b1,4f1e6c967a81a2ba8c2004b1c85c381813a4f44b8964b3525bf07114a8633e0a,True,False
1,4,9,greedy_bops_0.20_quant_only,greedy,greedy,quant_only,0.2,0.19677375257015228,5464791,5464791,0.0,0.8263315694482952,0.7814509633893406,0.602239241233822,0.736673924690486,4.891747065509359,6.174537911586004,4.980836498240629,20.739785488681193,4.4487963147907035,4.2302110232412815,5.333991069346666,7.132213907316325,10.623334226376707,9.13755005846421,10.295359091833234,29.19040973607375,1.4445269047133524,2,31,37,1789,0,6f09fef12c760797b7975ab048f11d4085c79ba0dbf59c2974a4097b651817b1,d13a47f17a2ddb498ba0883ad55e8dcedffec095a365b11ad0126e77961d31c5,True,False
1,4,10,greedy_bops_0.15_prune_quant,greedy,greedy,prune_quant,0.15,0.14941340684890747,,,,0.8262806239639552,0.7818914475872918,0.6021732615486282,0.7367817776999583,4.417692388718327,5.669096002243466,4.568990645930171,25.680143997681768,4.529733329364804,4.147111903876066,5.671610264107586,8.787569599226112,10.19882933160827,8.590334250281256,10.235226123283306,37.12565264042577,1.599536505807038,3,37,30,1789,0,6f09fef12c760797b7975ab048f11d4085c79ba0dbf59c2974a4097b651817b1,a8e2214a79120d255772bf073b811e3a8dfb247998ec4d7e0c440e05eb97dbee,True,False
1,4,11,greedy_bops_0.15_prune_only,greedy,greedy,prune_only,0.15,0.14941340684890747,5464791,4316459,0.21013283033148022,0.8262271935328969,0.7816278834300742,0.6021529523920753,0.7366693431183488,6.203136717279752,8.479328443484878,8.086568132663768,35.20518184637773,6.141867162607706,4.9927078653126955,9.39581645652652,24.82875343412158,14.621195606092584,11.363667047893006,17.744039216389258,69.70262324125697,1.1391430770011484,0,1,69,1789,0,6f09fef12c760797b7975ab048f11d4085c79ba0dbf59c2974a4097b651817b1,4f1e6c967a81a2ba8c2004b1c85c381813a4f44b8964b3525bf07114a8633e0a,True,False
1,4,12,greedy_bops_0.15_quant_only,greedy,greedy,quant_only,0.15,0.14941340684890747,5464791,5464791,0.0,0.8262581651101161,0.7814924858005611,0.6023498975933163,0.7367001828346645,4.6296080108731985,6.338051562715486,6.047139037400484,31.77722006414084,6.069389603851918,4.857678199186921,9.165169531479478,23.61422870308153,12.407441166567404,9.652910676474374,15.95338076973955,57.1260812816423,1.5263193407702955,3,37,30,1789,0,6f09fef12c760797b7975ab048f11d4085c79ba0dbf59c2974a4097b651817b1,a54d51f5cb7b089b49d482ce11e14c32203b2f18a0951eb92a8d0868e07c3b28,True,False
1,4,13,greedy_bops_0.10_prune_quant,greedy,greedy,prune_quant,0.1,0.09847785532474518,,,,0.8261146300293758,0.7816006756461527,0.6021837461249887,0.736633017266839,3.464112989604473,5.187412890615519,5.316967672357956,26.13659569371641,6.267615977639323,4.792028805240989,10.698265861719847,22.10576604120433,11.455028868254843,8.523290433610478,16.090553688506287,57.67878726744898,2.0398469300470694,13,50,7,1789,0,6f09fef12c760797b7975ab048f11d4085c79ba0dbf59c2974a4097b651817b1,36db4a103cbdd45c8f89e9b3d6c8a3341993b17f951ec0aee8b6fbafd3512341,True,False
1,4,14,greedy_bops_0.10_prune_only,greedy,greedy,prune_only,0.1,0.09847785532474518,5464791,4258667,0.22070816614944655,0.8261833418828676,0.7815660484630351,0.6023314227349742,0.7366936043602923,6.148351666827996,8.649569172184837,8.612151304259896,35.26109409206442,6.464609693810802,5.075732944533229,10.718753514811397,24.840689795091738,15.114178865995639,11.446804351483781,19.17280692917606,61.2911763662954,1.1492934415747924,0,1,69,1789,0,6f09fef12c760797b7975ab048f11d4085c79ba0dbf59c2974a4097b651817b1,850cb6bb2724e760cb7f367a2def984ad723c7868dfc05baa85d7540826b5640,True,False
1,4,15,greedy_bops_0.10_quant_only,greedy,greedy,quant_only,0.1,0.09847785532474518,5464791,5464791,0.0,0.8262863309155435,0.7814627236582004,0.6021375321652234,0.7366288622463224,3.4637056135882935,5.07674481922239,5.176003463566304,28.794184072554277,5.967577796896879,4.5908489264547825,10.334509750828149,23.551938021555486,11.044322616119269,8.210157587503394,15.485423073793452,71.39032576853529,2.040086842097539,13,50,7,1789,0,6f09fef12c760797b7975ab048f11d4085c79ba0dbf59c2974a4097b651817b1,6c71b271643d58e121e22531b704a52557485cf4905b96a864c7a08e5d034932,True,False
1,4,16,greedy_bops_0.05_prune_quant,greedy,greedy,prune_quant,0.05,0.04999448359012604,,,,0.7899762959571975,0.746034964221759,0.5630203047144222,0.6996771882977928,3.295476703594128,4.79794759936707,4.026393840710322,25.077312647663724,5.392611477458448,4.557000007480383,7.664581201970578,18.55127749033267,10.190559076825519,7.928289705887437,12.19422267749906,47.57292182183805,2.1442300713199467,33,36,1,1789,0,6f09fef12c760797b7975ab048f11d4085c79ba0dbf59c2974a4097b651817b1,c220cab04bc40edf5df587d4126de4b39f9bfb26d3245c38208ce66b5d38475a,True,False
1,4,17,greedy_bops_0.05_prune_only,greedy,greedy,prune_only,0.05,0.04999448359012604,5464791,3341055,0.3886216325564875,0.8257977789053857,0.7811631423486813,0.6021303044764906,0.7363637419101859,5.9418453214069205,7.999443579919793,6.993005440259974,32.362570747095134,5.991303930558835,5.038354080170393,8.475954458117485,20.504072280600624,13.990747510478627,11.049519137789805,16.31233353788654,64.12986612566931,1.1892366537585495,0,1,69,1789,0,6f09fef12c760797b7975ab048f11d4085c79ba0dbf59c2974a4097b651817b1,af1a471b0e5d4651a57a3fb9c369aaaf8c570035bff8bd3082baa7c46de93bdf,True,False
1,4,18,greedy_bops_0.05_quant_only,greedy,greedy,quant_only,0.05,0.04999448359012604,5464791,5464791,0.0,0.7960331089850505,0.7494767516333776,0.5503679360932828,0.698625932237237,3.3492196816951036,4.832607384960948,4.562582261860371,29.2025072003305,5.372208945792587,4.343945067375898,8.016572194173934,20.035323919728388,10.204816330753534,7.764870533719659,13.397309727345904,62.4261171991563,2.1098228598741815,33,36,1,1789,0,6f09fef12c760797b7975ab048f11d4085c79ba0dbf59c2974a4097b651817b1,151149139fa9662ec437717cf4b883976cb1c2b7f993f82d561227df062a6503,True,False
